area_ratio,bb_area_ratio,extent,circularity,aspect_ratio,norm_perimeter,gray_mean,gray_std,gray_contrast,gray_skew,r_mean,r_std,g_mean,g_std,b_mean,b_std,hist_0,hist_1,hist_2,hist_3,hist_4,hist_5,hist_6,hist_7,cell_mean,cell_std,image,label
0.46153846153846156,0.5846153846153846,0.7894736842105263,0.8755781528367546,1.6842105263157894,3.788414356077399,161.16505961538462,60.690281587131324,0.7419843137254902,-0.08987968792368903,179.6278846153846,55.251113731779846,147.38942307692307,66.48063109812979,183.67307692307693,46.840962987640076,0.0,0.0019230769230769232,0.2586538461538462,0.12115384615384615,0.09711538461538462,0.09615384615384616,0.2144230769230769,0.21057692307692308,101.01928958333332,23.241933535312665,00,Lymphocyte
0.6422558922558923,1.0,0.6422558922558923,0.53397977159479,0.9166666666666666,4.851125715515177,81.10332407407407,16.2265036415059,0.35037647058823523,0.6080187064949674,115.83754208754209,20.80200969682208,56.88383838383838,14.720058056017763,114.71127946127946,14.791535960589641,0.0,0.117003367003367,0.6986531986531986,0.1776094276094276,0.006734006734006734,0.0,0.0,0.0,71.127,8.083255903733498,01,Tumor
0.4605110336817654,1.0,0.4605110336817654,0.1337081122406959,1.024390243902439,9.694514250718138,146.41442102206736,30.463817148049998,0.5913803921568628,0.1347965300959571,169.03368176538908,30.777158355771217,129.40243902439025,33.25343598042346,174.68524970963995,22.552936891947425,0.0,0.0,0.04355400696864112,0.25551684088269455,0.3623693379790941,0.27932636469221833,0.05226480836236934,0.006968641114982578,119.51182093316521,16.085805873297364,02,Tumor
0.6325925925925926,0.7777777777777778,0.8133333333333334,1.0644396453742049,0.84,3.4359308213203734,62.52058074074074,38.1913488443992,0.6521019607843137,0.9430452682323532,94.76,57.33262428502124,41.38814814814815,31.083455291632898,86.7762962962963,30.18400902957382,0.30518518518518517,0.2903703703703704,0.18814814814814815,0.15851851851851853,0.037037037037037035,0.02074074074074074,0.0,0.0,37.152199063231855,12.969022036233065,03,Lymphocyte
0.6264705882352941,0.775,0.8083491461100569,0.951693134527468,1.8235294117647058,3.633761873336319,85.34235735294116,53.23671067721645,0.685521568627451,0.6793866155907605,113.65588235294118,65.47358556375536,66.11617647058823,49.70551250732576,110.07941176470588,44.14800827838213,0.0838235294117647,0.425,0.11029411764705882,0.12794117647058822,0.12205882352941176,0.09852941176470588,0.03235294117647059,0.0,48.27562910798122,17.887261882707513,04,Plasma
0.4718397997496871,0.8166458072590739,0.5777777777777777,0.2957162211924352,0.6444444444444445,6.518795514526606,107.64137108886108,24.85515776262235,0.5094,0.25022965048643675,153.24468085106383,30.831096749475048,80.2252816020025,23.484462131195144,129.2015018773467,19.177700017719697,0.0,0.030037546933667083,0.2928660826032541,0.4899874843554443,0.15707133917396746,0.030037546933667083,0.0,0.0,86.6667599469496,13.179772147152718,05,Fibroblast
0.5787992495309568,0.7551594746716698,0.7664596273291926,1.001220385983937,1.5217391304347827,3.542746601805288,115.79428330206377,39.525166790306415,0.5878274509803921,0.4354436309973701,133.656660412758,43.4378244675729,100.92682926829268,39.70111473195172,145.49906191369607,29.998475556357192,0.0,0.010318949343339587,0.41838649155722324,0.17823639774859287,0.20544090056285177,0.16416510318949343,0.02345215759849906,0.0,85.67399999999999,15.26611499860817,06,Lymphocyte
0.5688259109311741,0.6983805668016194,0.8144927536231884,1.0868421491643359,1.5333333333333334,3.4003349217497933,90.0686862348178,47.41753370730423,0.623564705882353,0.33004264021669716,119.2834008097166,63.60818072890445,70.23684210526316,42.3277000227745,115.56072874493927,37.88010272510995,0.07489878542510121,0.35020242914979755,0.15182186234817813,0.13157894736842105,0.20242914979757085,0.08906882591093117,0.0,0.0,52.4761103202847,17.19985757674834,07,Plasma
0.7046783625730995,0.8450292397660819,0.8339100346020761,1.2113981272242242,1.0,3.2207831320041542,106.32318713450292,53.57523588539305,0.7180235294117647,0.8947288730088292,120.16374269005848,45.998691514868014,92.05263157894737,60.281577409239524,143.50292397660817,46.958906294112616,0.0,0.27485380116959063,0.30409356725146197,0.13157894736842105,0.07894736842105263,0.1023391812865497,0.0847953216374269,0.023391812865497075,75.30348132780082,20.438593607997785,08,Lymphocyte
0.6935096153846154,0.9230769230769231,0.7513020833333334,0.621638875556005,1.3333333333333333,4.496098828915584,92.82587259615383,62.826792699717586,0.8908078431372548,0.8864543406277534,99.63341346153847,61.74827924169077,82.51322115384616,65.58728636628747,128.0721153846154,56.86350975519357,0.052884615384615384,0.46033653846153844,0.11057692307692307,0.11057692307692307,0.0673076923076923,0.06850961538461539,0.09615384615384616,0.03365384615384615,55.443537261698445,23.206280511854658,09,Plasma
0.5787755102040816,0.809795918367347,0.7147177419354839,0.7929473803471567,0.96875,3.980913560800002,149.15843836734695,34.23545686166635,0.5826000000000001,0.10052863485635781,164.28163265306122,33.26440564700848,135.6734693877551,36.89114033073692,178.92897959183674,26.64718572611435,0.0,0.0,0.05142857142857143,0.2522448979591837,0.3093877551020408,0.2653061224489796,0.12,0.0016326530612244899,123.79113681241185,17.898674515293404,10,Fibroblast
0.5584415584415584,0.8311688311688312,0.671875,1.0936493906239388,0.75,3.389735989353652,60.70587662337662,31.54189857775749,0.580556862745098,0.7633893693503861,91.71753246753246,46.911578380172585,40.5551948051948,25.630621758265985,83.12662337662337,25.2957866780883,0.21103896103896103,0.3484848484848485,0.2976190476190476,0.11796536796536797,0.016233766233766232,0.008658008658008658,0.0,0.0,36.13473062015504,9.492180105035235,11,Lymphocyte
0.6602564102564102,0.7897435897435897,0.836038961038961,1.0369621641395568,1.2727272727272727,3.481155928989931,94.73673974358975,66.29455287299993,0.8385803921568628,0.7350767531509025,101.82692307692308,67.01377235616825,84.33333333333333,68.07331392238862,129.70897435897436,59.045993993160685,0.06923076923076923,0.4666666666666667,0.09487179487179487,0.05641025641025641,0.06666666666666667,0.10128205128205128,0.12692307692307692,0.017948717948717947,50.54513398058252,19.82829890327416,12,Lymphocyte
0.5431290898274836,1.0,0.5431290898274836,0.23704744567995714,1.0,7.2809373155364465,122.85658655562165,22.068126130111295,0.4791450980392156,0.6151853011019547,145.06305770374777,22.7868497394664,104.74776918500892,23.446257280188807,157.8578227245687,17.932403640225857,0.0,0.0,0.09696609161213564,0.5169541939321832,0.3206424747174301,0.06424747174301011,0.001189767995240928,0.0,106.77935268346111,10.809096103790607,13,Tumor
0.6183862433862434,0.8928571428571429,0.6925925925925925,0.23840509139732624,0.46296296296296297,7.260176335861787,175.470123015873,25.36561367476255,0.5297019607843135,0.27249872747688436,193.17724867724868,23.865841096977956,162.49338624338625,28.02271298483982,195.84656084656083,17.853615563838158,0.0,0.0,0.0,0.023809523809523808,0.2533068783068783,0.46825396825396826,0.21296296296296297,0.041666666666666664,159.27082352941173,14.355792118500698,14,Fibroblast
0.48654331370899917,0.8868797308662741,0.5486012328117591,0.5030896470869745,0.6491228070175439,4.9978387723217645,111.63413582842723,41.469646205904176,0.6131764705882352,0.09585011875353497,155.3713204373423,50.46171647190499,85.60723296888142,39.441342440654815,130.93566021867116,31.62136136441441,0.0,0.15475189234650968,0.2788057190916737,0.14802354920100924,0.25609756097560976,0.16021867115222876,0.0021026072329688814,0.0,73.06016940363007,15.140703293619087,15,Fibroblast
0.6334459459459459,0.9375,0.6756756756756757,0.9813388130746958,1.2333333333333334,3.578454042367085,77.82719003378378,39.815777407085875,0.6010784313725489,0.6725807788777655,113.52027027027027,53.53875454065767,54.81503378378378,35.181845321153375,102.70354729729729,31.17530187305556,0.011824324324324325,0.5202702702702703,0.13597972972972974,0.16554054054054054,0.14864864864864866,0.017736486486486486,0.0,0.0,50.19309199999999,12.979221002543616,16,Plasma
0.5602564102564103,0.7051282051282052,0.7945454545454546,1.120715093566318,1.1363636363636365,3.348554112644579,130.5558346153846,90.26902145083815,0.9133725490196078,0.24370227065866984,138.9474358974359,85.31380118663427,121.8025641025641,95.99167695538728,153.6179487179487,76.47840443229833,0.05,0.382051282051282,0.07435897435897436,0.04487179487179487,0.03076923076923077,0.041025641025641026,0.057692307692307696,0.3192307692307692,54.06946224256292,24.658575797075297,17,Lymphocyte
0.7389455782312925,0.9285714285714286,0.7957875457875457,0.6562211443950556,1.6153846153846154,4.376025278515291,84.46222704081633,32.300524136487624,0.6566156862745097,0.8934391812702761,116.06972789115646,41.54628476141973,63.11649659863946,29.515605234384562,111.47363945578232,28.358240095467572,0.002551020408163265,0.2925170068027211,0.42517006802721086,0.17006802721088435,0.07993197278911565,0.02295918367346939,0.006802721088435374,0.0,68.76340966628307,16.945759370618454,18,Plasma
0.6597222222222222,0.7986111111111112,0.8260869565217391,0.9745348639707113,1.15,3.5909242322980397,88.7027204861111,32.61930901492409,0.5188509803921569,0.8405507385756015,106.19270833333333,38.57675450965599,73.56597222222223,31.977245953599663,120.77083333333333,24.38164973397001,0.0,0.2708333333333333,0.3836805555555556,0.19270833333333334,0.12152777777777778,0.03125,0.0,0.0,68.18876315789473,12.515955937236802,19,Lymphocyte
0.5916149068322981,0.7670807453416149,0.771255060728745,0.9770994294022132,0.7307692307692307,3.5862086370499195,125.76630900621117,60.03520407154688,0.7299294117647059,0.3643363092194276,133.1614906832298,55.284009865839025,115.52950310559007,65.08821581239798,159.08074534161491,52.43691568115482,0.0,0.18478260869565216,0.24378881987577639,0.14596273291925466,0.10093167701863354,0.10714285714285714,0.17546583850931677,0.04192546583850932,80.91616010498689,24.137581364202045,20,Lymphocyte
0.630184331797235,0.8398617511520737,0.7503429355281207,0.7947513846750454,1.0,3.9763928607238186,125.02742741935482,62.203463038778,0.8642117647058825,0.45690048256477234,130.8963133640553,57.567938907827426,115.33755760368663,67.27774551097346,159.52880184331798,52.748864621344396,0.0069124423963133645,0.1532258064516129,0.29838709677419356,0.12903225806451613,0.0956221198156682,0.08179723502304148,0.1532258064516129,0.08179723502304148,81.86760146252284,25.130653148118533,21,Plasma
0.531328320802005,0.681704260651629,0.7794117647058824,1.2590125568261552,1.0625,3.159292970819848,120.53929072681706,46.214057742837674,0.7092117647058823,0.2465782844263411,149.51127819548873,53.098190106648694,100.3859649122807,45.3121327786626,148.3233082706767,36.53718170851042,0.0,0.09774436090225563,0.2832080200501253,0.18295739348370926,0.19047619047619047,0.17293233082706766,0.07268170426065163,0.0,82.89266509433963,20.529238960981566,22,Lymphocyte
0.6929824561403509,1.0,0.6929824561403509,0.533943460791553,1.1842105263157894,4.851290663013958,103.6504970760234,27.601149735200565,0.48569411764705883,1.015643537273952,141.2421052631579,30.221809332178594,78.45730994152046,27.55670797042154,134.77777777777777,23.14648945324316,0.0,0.0,0.5286549707602339,0.2789473684210526,0.1327485380116959,0.05964912280701754,0.0,0.0,87.81258396624472,10.740625265799641,23,Tumor
0.8369047619047619,1.0,0.8369047619047619,1.0437332870858338,1.0714285714285714,3.4698457174616855,67.29821547619048,52.23541440269645,0.8739960784313724,1.7613470147889372,76.82380952380953,56.05849330121007,55.975,52.90319635450971,100.61904761904762,45.545530532357645,0.1523809523809524,0.5511904761904762,0.11547619047619048,0.036904761904761905,0.034523809523809526,0.05714285714285714,0.03333333333333333,0.01904761904761905,46.32188904694168,17.878117974313707,24,Lymphocyte
0.5202156334231806,1.0,0.5202156334231806,0.25843779941087114,0.9464285714285714,6.97311640026224,109.54856334231806,28.864738798407657,0.6422980392156864,0.4285298842951389,141.91576819407007,34.17038990869586,87.45754716981132,28.035743520340976,138.40498652291106,22.68191810885608,0.0,0.0272911051212938,0.33827493261455527,0.37095687331536387,0.21159029649595687,0.04784366576819407,0.004043126684636119,0.0,86.6886049222798,13.646629862459848,25,Tumor
0.5807127882599581,0.8654088050314466,0.6710271317829457,0.6316019487910964,0.8958333333333334,4.46049648367381,105.33416519916142,30.978193393267055,0.5787490196078432,0.34279914965832575,155.51362683438154,38.244319988390096,76.19538784067086,29.278027832121282,123.7622641509434,24.434674847755787,0.0,0.061635220125786164,0.4142557651991614,0.2289308176100629,0.25953878406708597,0.03480083857442348,0.0008385744234800838,0.0,82.11485703971118,13.494223407236145,26,Fibroblast
0.47614761476147616,1.0,0.47614761476147616,0.30193992588817403,0.32673267326732675,6.4512617035536435,100.40540444044404,38.8176145034135,0.7945843137254902,0.6408110676364585,151.5070507050705,49.70778421609332,71.37293729372938,36.98240935287103,115.86738673867387,29.999116823376088,0.0009000900090009,0.21242124212421243,0.24842484248424843,0.30663066306630665,0.17371737173717372,0.0333033303330333,0.013801380138013802,0.010801080108010801,67.02649905482042,15.542344718305108,27,Fibroblast
0.5221774193548387,1.0,0.5221774193548387,0.6777780068969232,0.96875,4.305872796604719,114.71969455645161,45.36550936097929,0.7490509803921568,0.19194765012630657,138.73185483870967,53.952307506438046,96.8679435483871,44.83493134998763,143.66129032258064,32.714771029251565,0.0,0.17036290322580644,0.21975806451612903,0.1935483870967742,0.23891129032258066,0.1350806451612903,0.034274193548387094,0.008064516129032258,77.43661776061776,21.856521905103197,28,Plasma
0.5547826086956522,0.7652173913043478,0.725,1.0099955217890089,1.1,3.527322819021882,113.27874260869565,64.81577859999304,0.7876862745098038,0.2149892513362185,127.41217391304347,66.24517458761557,100.23826086956522,67.24714130999718,143.35652173913044,58.434622152988815,0.036521739130434785,0.3234782608695652,0.12695652173913044,0.09043478260869565,0.09043478260869565,0.12869565217391304,0.20173913043478262,0.0017391304347826088,59.95711912225706,24.46249428834121,29,Lymphocyte
0.4363327674023769,0.8251273344651953,0.5288065843621399,0.6208299207786058,1.3333333333333333,4.499027132190555,129.95299660441427,56.03706394890413,0.8121686274509804,-0.03324405547121409,144.4932088285229,56.49338833011799,117.06706281833617,59.22819745312311,158.16808149405773,48.321457548867556,0.001697792869269949,0.18845500848896435,0.1536502546689304,0.10950764006791172,0.19100169779286927,0.18166383701188454,0.15449915110356535,0.019524617996604415,73.73297081712063,23.182895432943454,30,Lymphocyte
0.5188492063492064,1.0,0.5188492063492064,0.0651964717595372,1.2857142857142858,13.883305654930377,141.07803621031746,43.606140216476916,0.8627019607843138,-0.03949940690768685,155.61631944444446,41.4819340762636,128.25372023809524,47.58263865151639,168.98090277777777,36.949086624158866,0.007192460317460317,0.03149801587301587,0.10887896825396826,0.25,0.2683531746031746,0.19295634920634921,0.11706349206349206,0.024057539682539684,106.9258087954111,25.722575536094645,31,Tumor
0.49391357273280584,1.0,0.49391357273280584,0.07872140182840477,0.8548387096774194,12.634513460194944,134.95150699939137,36.15671774626397,0.7534392156862746,0.08708150061185892,151.30949482653682,33.96861465271514,120.40687766281192,39.654031072895144,166.93974437005477,29.816736189000917,0.0,0.018259281801582473,0.13420572124163116,0.2863664029214851,0.3015824710894705,0.19659160073037127,0.06086427267194157,0.002130249543517955,104.87037954405422,19.646380312389653,32,Tumor
0.5487661574618097,0.6921269095182139,0.7928692699490663,0.9169523557665208,0.6129032258064516,3.7019585070619803,95.4010188014101,37.23640090716388,0.5509803921568628,0.40835678817181476,136.70622796709753,47.57521791402854,69.74383078730905,34.186915452337615,119.17743830787309,29.37888573325655,0.0,0.32432432432432434,0.21974148061104584,0.21504112808460635,0.1891891891891892,0.05170387779083431,0.0,0.0,64.61748394004282,11.77859573186143,33,Plasma
0.7814442850310857,1.0,0.7814442850310857,0.48831033493134096,2.4878048780487805,5.072907856924567,139.5097343376375,38.18479880230374,0.6538235294117647,1.0427139890780686,168.3106169296987,33.400828993857054,120.27642276422765,43.02763577386088,163.0052606408417,29.56987964104872,0.0,0.0,0.062649450023912,0.4069823051171688,0.30726924916307985,0.09636537541846006,0.05667144906743185,0.0700621712099474,122.290797123623,18.224706968767922,34,Fibroblast
0.4637426900584795,0.8152046783625732,0.5688665710186513,0.7667845411808882,1.2058823529411764,4.04825869810208,120.4592514619883,28.731431038383295,0.5024666666666667,0.01849205756536972,149.65029239766082,31.483578517836445,100.12631578947368,28.97521340197084,148.593567251462,22.22598617707936,0.0,0.006432748538011696,0.2321637426900585,0.3198830409356725,0.35906432748538014,0.0824561403508772,0.0,0.0,93.9220680958386,13.755040159650479,35,Fibroblast
0.5868686868686869,0.8888888888888888,0.6602272727272728,0.7922158557880512,0.55,3.982751105496107,109.44545252525253,32.34000833225889,0.5572392156862745,0.494436812372752,135.47272727272727,36.22609645378805,89.91111111111111,32.41520683443139,141.76565656565657,25.650322074951017,0.0,0.044444444444444446,0.3525252525252525,0.3282828282828283,0.1808080808080808,0.09191919191919191,0.00202020202020202,0.0,86.79513597246128,15.35147862687583,36,Fibroblast
0.6575,0.9,0.7305555555555555,0.8881901294212476,1.1111111111111112,3.761421137467065,86.05214749999999,37.17661890477325,0.5648470588235294,0.729709554553495,102.5075,40.47079124195622,71.24,37.72866814505913,119.1625,28.194167725790383,0.0,0.3825,0.275,0.1875,0.0925,0.0625,0.0,0.0,63.23615589353611,16.921785718518418,37,Lymphocyte
0.6471861471861472,0.8311688311688312,0.7786458333333334,1.0160478133297437,0.75,3.516801526470982,101.42956818181818,45.35859008816826,0.6552588235294117,0.5692801542273185,121.96645021645021,54.68160457357692,84.43939393939394,43.54208301829489,135.04978354978354,33.24970640687862,0.0010822510822510823,0.22510822510822512,0.36147186147186144,0.08982683982683982,0.15584415584415584,0.15476190476190477,0.011904761904761904,0.0,70.75002173913045,16.742717022899598,38,Lymphocyte
0.6763925729442971,0.9283819628647215,0.7285714285714285,1.0013826583317467,1.12,3.5424595421603815,85.7007572944297,29.135796772590925,0.6128941176470588,1.2015039007371737,111.22679045092838,35.90966818294399,66.9708222811671,27.388436786637364,115.19363395225464,23.38218192603028,0.0,0.24005305039787797,0.45225464190981435,0.21750663129973474,0.0636604774535809,0.022546419098143235,0.003978779840848806,0.0,69.32553725490196,12.506608628632645,39,Tumor
0.6077586206896551,0.7586206896551724,0.8011363636363636,1.0253809355466685,0.9166666666666666,3.500759795949469,80.31145833333333,46.260078394583125,0.6854627450980393,0.500083964118612,105.5617816091954,58.042782271677524,62.514367816091955,42.228032041732476,105.72413793103448,40.70660079636677,0.10488505747126436,0.3994252873563218,0.125,0.1206896551724138,0.21551724137931033,0.031609195402298854,0.0028735632183908046,0.0,46.15158628841608,15.869033600244057,40,Lymphocyte
0.6193396226415094,1.0,0.6193396226415094,0.20456809929395944,1.325,7.837652010184519,116.60403820754716,29.584834395727093,0.6215372549019609,0.5459657171301608,141.6938679245283,30.003807307801594,97.73301886792453,31.344892821331772,147.96745283018868,26.467680133044027,0.0,0.01509433962264151,0.22830188679245284,0.44386792452830187,0.22735849056603774,0.07169811320754717,0.013679245283018868,0.0,98.01874714394516,15.72663152711608,41,Tumor
0.652998776009792,0.9767441860465116,0.668546365914787,0.33015247634401323,1.8095238095238095,6.1694670980291715,86.40330660954712,38.85859149395874,0.8091058823529412,0.8986785267655909,135.50367197062423,52.97770066190477,58.51774785801714,35.62355870358179,101.20869033047735,30.195941476272917,0.033047735618115054,0.30569155446756424,0.3142594859241126,0.20379436964504283,0.0927172582619339,0.03457772337821297,0.01193390452876377,0.00397796817625459,63.77447469540768,19.15266784529971,42,Fibroblast
0.5429292929292929,0.7777777777777778,0.698051948051948,0.7640031149271059,1.9090909090909092,4.055621039434512,144.63859259259257,52.74531977407768,0.705035294117647,0.18453345911784508,163.13552188552188,52.365469617194485,130.9638047138047,56.221569272988276,166.53787878787878,41.48925153346173,0.0,0.01936026936026936,0.21212121212121213,0.1750841750841751,0.20622895622895623,0.1574074074074074,0.1069023569023569,0.12289562289562289,103.31417364341084,25.94121374036566,43,Fibroblast
0.7102102102102102,0.8918918918918919,0.7962962962962963,0.9476870696096762,1.0909090909090908,3.6414340970691885,134.94780105105104,47.92263544119144,0.77638431372549,0.7668519553002747,162.09234234234233,45.06331583286756,115.86336336336336,51.91712855442253,162.02102102102103,38.25853858072589,0.0,0.0037537537537537537,0.2057057057057057,0.36936936936936937,0.14714714714714713,0.08108108108108109,0.13288288288288289,0.06006006006006006,107.74880972515858,20.59100849458959,44,Plasma
0.6454033771106942,1.0,0.6454033771106942,0.19491705630583536,0.6307692307692307,8.029342989137362,129.69883977485927,39.52736874991999,0.7117843137254902,0.6949979829303029,180.41013133208256,38.51576868886069,101.33696060037524,43.442370483648766,142.73170731707316,32.2018211803148,0.0,0.00675422138836773,0.21200750469043153,0.31407129455909943,0.2731707317073171,0.10393996247654784,0.06078799249530957,0.02926829268292683,106.06134941860464,20.185810871100443,45,Fibroblast
0.7316455696202532,0.850126582278481,0.8606313281715307,0.5290602394309482,0.6301369863013698,4.873627923318326,104.22631544303798,52.05477928647167,0.8199019607843137,1.0961848739171702,121.62379746835443,51.51772697988694,88.74886075949367,55.08539485698757,138.29139240506328,42.01745148990807,0.0,0.20962025316455696,0.4149367088607595,0.10708860759493671,0.08632911392405063,0.07772151898734177,0.06658227848101266,0.03772151898734177,75.92320968858131,18.333738624586275,46,Tumor
0.5972350230414747,0.8064516129032258,0.7405714285714285,1.0758367232269446,1.4,3.41768277573498,112.49449124423963,44.440585549004666,0.5872549019607843,0.3777117295147438,132.91336405529955,48.34533852281828,96.21013824884793,44.880405220897316,142.78986175115207,34.40643612065432,0.0,0.10599078341013825,0.3815668202764977,0.13179723502304147,0.14930875576036867,0.21566820276497695,0.01566820276497696,0.0,78.99072839506172,16.574829027114657,47,Plasma
0.6267441860465116,0.9534883720930233,0.6573170731707317,0.5358390697472089,1.025,4.842701985791723,108.13999593023254,61.12998908332398,0.7995058823529412,0.494268581975317,124.73895348837209,63.83043393694916,94.4906976744186,62.02672834952532,134.8860465116279,51.30578452991821,0.0069767441860465115,0.30697674418604654,0.2238372093023256,0.1063953488372093,0.10174418604651163,0.09244186046511628,0.14709302325581394,0.014534883720930232,66.02367810760667,25.195141123758503,48,Lymphocyte
0.5392592592592592,1.0,0.5392592592592592,0.2881178447736671,1.08,6.604194471348086,135.1854474074074,33.678527032822664,0.6025019607843136,0.11393957589097517,159.77481481481482,38.722331041170584,116.85777777777778,33.44794400295318,165.0637037037037,26.628201723423224,0.0,0.007407407407407408,0.11407407407407408,0.3362962962962963,0.29333333333333333,0.19703703703703704,0.05185185185185185,0.0,109.33147802197801,18.195334246680332,49,Plasma
0.69,0.875,0.7885714285714286,0.9600881078375451,1.12,3.6178402557246816,62.399494999999995,41.552891488198206,0.635164705882353,0.9489027775311744,89.57,56.92323866401138,43.2725,35.75644338787067,89.62375,34.507458410284286,0.30625,0.34875,0.0975,0.12625,0.1075,0.01375,0.0,0.0,36.78199456521739,12.127324102747744,50,Plasma
0.6191904047976012,0.7871064467766117,0.7866666666666666,1.0011402514911918,0.84,3.5428883853968847,103.94905547226385,41.42347781568139,0.5979764705882353,0.5236283890610259,124.29235382308846,46.70684341609695,87.10194902548726,41.17292795273734,137.34032983508246,31.36561360523237,0.0,0.16491754122938532,0.37181409295352325,0.15742128935532235,0.15742128935532235,0.1454272863568216,0.0029985007496251873,0.0,75.0309200968523,16.48442349557633,51,Lymphocyte
0.7681159420289855,0.9565217391304348,0.803030303030303,0.7700516158643036,0.7333333333333333,4.0396618576965455,89.02225942028986,55.20020175478467,0.8241490196078431,1.2221878531573747,102.64637681159421,57.18469588442562,75.4072463768116,57.34288634309133,123.39420289855073,44.308450739935886,0.0,0.4985507246376812,0.19130434782608696,0.09565217391304348,0.06521739130434782,0.05652173913043478,0.06956521739130435,0.02318840579710145,61.99356226415094,21.249052376937218,52,Plasma
0.583743842364532,0.8928571428571429,0.6537931034482759,0.9790367638406061,0.8620689655172413,3.582658654962078,103.72591995073891,69.91214609080397,0.8292941176470587,0.38011277008242755,127.74630541871922,78.98153849040078,87.0603448275862,68.71974966463254,126.53817733990148,56.23742132485311,0.1933497536945813,0.23275862068965517,0.10467980295566502,0.09729064039408868,0.07881773399014778,0.1145320197044335,0.16379310344827586,0.014778325123152709,50.19241561181435,26.32664223876211,53,Lymphocyte
0.6583710407239819,1.0,0.6583710407239819,0.7462123964449585,0.7647058823529411,4.103682027833908,119.9145305429864,64.94306497215521,0.7997607843137254,0.6171743288068349,128.8212669683258,62.965261558264594,109.11877828054298,69.74624763484331,152.14253393665157,50.58278059900105,0.0,0.2319004524886878,0.29411764705882354,0.10972850678733032,0.06221719457013575,0.06787330316742081,0.13009049773755657,0.10407239819004525,76.6848797250859,22.75357256060589,54,Plasma
0.5454292084726867,1.0,0.5454292084726867,0.07758609609236518,0.5897435897435898,12.726617221272146,116.17218032329988,30.463006506788606,0.7871725490196078,0.48739613466404913,134.8896321070234,30.72725112381649,99.69091415830546,32.545501223501724,151.94397993311037,26.46587451655469,0.0,0.028428093645484948,0.2472129319955407,0.39409141583054624,0.25585284280936454,0.05852842809364549,0.013099219620958752,0.002787068004459309,93.99500715380684,16.03740800292153,55,Tumor
0.4873873873873874,0.8666666666666667,0.5623700623700624,0.3888247592077733,0.35135135135135137,5.6849673679030035,93.9082045045045,38.08185802300492,0.7408705882352941,0.2813291158156809,137.0545045045045,53.22962497712091,67.68963963963964,34.09461637320335,115.74639639639639,28.44452654936701,0.005855855855855856,0.31351351351351353,0.18333333333333332,0.290990990990991,0.17207207207207206,0.027927927927927927,0.006306306306306306,0.0,59.35997319778188,13.640907683879833,56,Fibroblast
0.5115131578947368,1.0,0.5115131578947368,0.41050466661521334,0.5614035087719298,5.532811607785453,98.77680646929824,37.16345977644169,0.6487019607843137,0.2451855227775452,143.49725877192984,48.50890668293182,72.0515350877193,34.320256694455686,119.09539473684211,28.1411445019436,0.0,0.22094298245614036,0.27028508771929827,0.27576754385964913,0.17269736842105263,0.05756578947368421,0.0027412280701754384,0.0,68.06133011789925,17.617009211336914,57,Fibroblast
0.5220588235294118,0.6397058823529411,0.8160919540229885,0.8192950538287431,0.41379310344827586,3.916379472039716,56.34694117647058,14.850168658189942,0.23067843137254898,0.23189529557852193,99.60661764705883,29.900073042911675,30.955882352941178,9.212457715649487,73.62683823529412,8.10537768127958,0.007352941176470588,0.6672794117647058,0.32536764705882354,0.0,0.0,0.0,0.0,0.0,44.08398943661972,6.592787605547462,58,Fibroblast
0.5347222222222222,1.0,0.5347222222222222,0.3266432176475499,0.4375,6.202519088456851,70.9531498015873,26.479508097652246,0.48664705882352943,0.5569356211270619,115.27876984126983,44.3945677365875,44.648809523809526,20.088239831681307,90.13988095238095,20.043783344954576,0.05555555555555555,0.3611111111111111,0.45337301587301587,0.07738095238095238,0.05257936507936508,0.0,0.0,0.0,51.43113543599257,13.524016507653425,59,Fibroblast
0.584,1.0,0.584,0.1661365395833756,0.6666666666666666,8.697057708523506,121.87633173333332,38.18604795778801,0.7535137254901961,0.27695042183043755,169.9512,42.83242407211309,94.20666666666666,38.735736586373164,138.25973333333334,29.575670270154298,0.0,0.04613333333333333,0.25706666666666667,0.2904,0.228,0.14186666666666667,0.03573333333333333,0.0008,94.94604018264839,20.26030265299804,60,Fibroblast
0.7188940092165899,0.8640552995391705,0.832,1.0602238052136457,0.8333333333333334,3.4427553068093735,97.6205737327189,48.10522237053162,0.7884392156862744,0.9440454772444726,108.24308755760369,49.48857928722454,84.46198156682027,49.38646320751391,137.51497695852535,41.65124022831821,0.0,0.3064516129032258,0.34101382488479265,0.097926267281106,0.08410138248847926,0.12788018433179724,0.03341013824884793,0.009216589861751152,70.54608814102563,18.064856226059277,61,Plasma
0.512781954887218,1.0,0.512781954887218,0.3673810339074483,0.5428571428571428,5.848527899597929,123.7757909774436,41.75655476800201,0.6620078431372549,0.09918003579028502,146.31578947368422,48.775004140317705,106.32932330827067,41.76837092006971,154.49172932330828,26.92418217386083,0.0,0.06015037593984962,0.2631578947368421,0.21804511278195488,0.21052631578947367,0.20902255639097744,0.039097744360902256,0.0,88.63832258064515,20.141235504109773,62,Fibroblast
0.6548323471400395,1.0,0.6548323471400395,0.6201003335266417,0.6666666666666666,4.5016730490967305,137.28885996055226,36.89562935889653,0.5563254901960785,0.4454784224117588,170.16272189349112,33.80058340835468,115.58086785009861,40.323285162155784,162.84418145956607,29.975522240658435,0.0,0.0,0.11538461538461539,0.3727810650887574,0.23076923076923078,0.15581854043392504,0.1252465483234714,0.0,113.79094427710844,17.52171055884783,63,Tumor
0.7764182424916574,0.8709677419354839,0.8914431673052363,0.8109584586559452,1.0740740740740742,3.9364580533432156,71.24346718576196,26.8797762372951,0.4941058823529411,1.4009655892025277,90.04226918798665,31.13700740278283,54.717463848720804,25.261000991618015,107.03225806451613,25.43355023922142,0.0,0.5806451612903226,0.24582869855394884,0.10344827586206896,0.067853170189099,0.002224694104560623,0.0,0.0,58.58120916905443,10.05800384670423,64,Lymphocyte
0.5862068965517241,0.9036511156186613,0.6487093153759821,0.9820662811113577,0.8181818181818182,3.577128422473123,102.85296551724137,31.16925846015934,0.530513725490196,0.6200041466162702,129.07200811359027,36.53612354861099,83.19371196754564,30.432547715573335,135.3133874239351,23.851215695391236,0.0,0.037525354969574036,0.44726166328600403,0.29310344827586204,0.15517241379310345,0.06693711967545639,0.0,0.0,80.66660207612458,13.1986608873332,65,Tumor
0.704474505723205,0.9032258064516129,0.7799539170506913,0.90418034923171,0.9032258064516129,3.728012843816826,108.48722268470343,47.71890100525328,0.7056470588235295,0.8708821904943044,126.96045785639959,49.78062694817456,92.5369406867846,49.17850577631312,142.16545265348594,36.480015954287545,0.0,0.20915712799167535,0.2643080124869927,0.24349635796045785,0.12382934443288242,0.06867845993756504,0.07492195629552549,0.015608740894901144,82.50994534711964,22.36442643477013,66,Lymphocyte
0.7157738095238095,1.0,0.7157738095238095,0.5164188359611057,2.3333333333333335,4.932917983676582,105.89337053571428,54.70736961360678,0.7467803921568628,0.8141436997705372,121.6889880952381,55.597257641986104,91.5922619047619,56.88650825173104,138.10267857142858,44.20321233711972,0.0,0.3087797619047619,0.27901785714285715,0.12723214285714285,0.06547619047619048,0.0974702380952381,0.11681547619047619,0.005208333333333333,74.53291476091476,21.502332766088117,67,Fibroblast
0.6338383838383839,0.875,0.7243867243867244,0.8731236053160284,0.6363636363636364,3.79373566275834,96.14463636363637,60.59779301715193,0.8077450980392157,0.5380161164484296,110.61489898989899,70.83958567942236,82.75631313131314,58.216137341918,127.1300505050505,49.304603694300134,0.06439393939393939,0.35984848484848486,0.1414141414141414,0.12373737373737374,0.09848484848484848,0.11994949494949494,0.08585858585858586,0.006313131313131313,55.395816733067726,25.873528347515343,68,Lymphocyte
0.5201850294365012,1.0,0.5201850294365012,0.1704377050344535,0.7068965517241379,8.58661702394637,136.3911984861228,37.28442321642233,0.7276980392156862,0.218813192144006,154.69217830109335,33.38679625571345,121.0950378469302,41.87698012062185,167.15306980656013,29.75483141741682,0.0,0.012615643397813289,0.13751051303616485,0.3069806560134567,0.2636669470142977,0.19974768713204374,0.07232968881412952,0.007148864592094197,106.43829830234438,18.650120867680283,69,Tumor
0.4232117812061711,1.0,0.4232117812061711,0.1481211848782375,0.7419354838709677,9.21077860005446,129.21260028050492,36.477782492683986,0.7397529411764706,0.033071027257260036,157.27068723702664,42.049706066905145,109.43267882187938,37.35450538217653,157.47089761570828,26.886511426173197,0.0,0.024544179523141654,0.18688639551192146,0.2503506311360449,0.34046283309957925,0.15217391304347827,0.04137447405329593,0.004207573632538569,94.36571830985915,19.4276402143556,70,Fibroblast
0.5672043010752689,1.0,0.5672043010752689,0.6573977354454014,1.1612903225806452,4.372107484344403,135.95832616487456,53.555545785684764,0.7656784313725491,0.2298129984314993,147.2293906810036,50.87904058250776,124.43906810035843,57.832464564070776,165.7105734767025,43.31518970073788,0.0,0.04390681003584229,0.28584229390681004,0.1827956989247312,0.12007168458781362,0.13172043010752688,0.2007168458781362,0.03494623655913978,93.81270142180094,22.506179833318715,71,Plasma
0.4806312769010043,1.0,0.4806312769010043,0.3267856279617553,0.4146341463414634,6.201167439437538,136.7007363701578,40.00553342323392,0.7638,-0.02947913519768793,182.17826398852225,40.79452309252284,110.72309899569584,42.42854670472623,151.18400286944046,31.988546004971635,0.0,0.027977044476327116,0.14705882352941177,0.26757532281205165,0.2152080344332855,0.26757532281205165,0.06779053084648494,0.0068149210903873745,100.85650373134328,20.084583029661314,72,Fibroblast
0.6936026936026936,1.0,0.6936026936026936,0.22929708285129585,0.6818181818181818,7.402964507219093,142.59497474747474,50.61168701841704,0.7075725490196078,0.6022872096335711,181.25925925925927,42.73995587746356,119.92558922558922,58.0569920712098,157.91346801346802,43.09210541679698,0.0,0.0030303030303030303,0.1589225589225589,0.3531986531986532,0.17643097643097644,0.08148148148148149,0.08080808080808081,0.14612794612794613,112.52979805825244,22.26310994395651,73,Fibroblast
0.881578947368421,1.0,0.881578947368421,0.9354964790689606,0.8421052631578947,3.6650833306891566,53.289437500000005,31.543857686915995,0.5878980392156863,1.9011738185936675,78.22697368421052,43.28658092538418,34.526315789473685,27.213809228815844,84.4967105263158,26.07744013349863,0.2730263157894737,0.5230263157894737,0.10197368421052631,0.046052631578947366,0.04276315789473684,0.013157894736842105,0.0,0.0,43.346529850746265,14.495360197544992,74,Lymphocyte
0.4222222222222222,1.0,0.4222222222222222,0.0875829745371199,0.4444444444444444,11.978297260594175,120.43321944444443,22.85219237348185,0.5320666666666667,-0.15414036759547947,175.4875,29.635589703654173,89.61638888888889,21.93606386913996,134.7161111111111,16.08905654263477,0.0,0.006111111111111111,0.1436111111111111,0.4722222222222222,0.34194444444444444,0.03611111111111111,0.0,0.0,99.04550263157894,13.873087265741818,75,Fibroblast
0.666923373122834,1.0,0.666923373122834,0.13879294143499443,0.9245283018867925,9.515272760377812,100.26582441278397,34.48362778211946,0.728435294117647,0.7965483354600664,120.03889102810936,37.43135456004128,82.96072391220639,35.47079256349399,137.51097420100115,28.619965089214283,0.0011551790527531767,0.11359260685406238,0.4066230265691182,0.29110512129380056,0.11320754716981132,0.061609549480169425,0.012706969580284944,0.0,80.43631004618936,16.96201006992688,76,Tumor
0.5831842576028623,1.0,0.5831842576028623,0.1216621051542766,1.2093023255813953,10.163125032658401,144.08434302325583,38.49006080368919,0.7445372549019608,0.27350678389807626,157.67665474060823,37.524453692828054,131.17978533094814,42.52928974038407,174.88148479427548,29.328635666653504,0.0,0.008050089445438283,0.0778175313059034,0.28130590339892664,0.3206618962432916,0.1771019677996422,0.11449016100178891,0.020572450805008944,117.61342944785275,21.17855934516652,77,Tumor
0.5071556350626119,0.9423076923076923,0.5382059800664452,0.23935541985829248,1.1395348837209303,7.245749225181283,143.7360916815742,46.63516881901755,0.7974980392156863,0.0699543036914091,156.23479427549194,48.488558546639055,132.19141323792488,49.40239502974921,170.39937388193204,33.10954036668477,0.0,0.06082289803220036,0.09347048300536673,0.20214669051878353,0.2924865831842576,0.20706618962432916,0.06708407871198568,0.07692307692307693,107.60102028218695,28.221378318818417,78,Tumor
0.778441231929604,1.0,0.778441231929604,0.408618200112472,1.7209302325581395,5.5455685589401496,116.2891712759271,44.785324397271495,0.676278431372549,1.2007025683322576,144.7652419861722,40.829879757437574,96.1948460087995,49.15360675506526,145.0700817096166,35.43384418278224,0.0,0.0,0.4849151477058454,0.2454431175361408,0.08956631049654305,0.06379635449402891,0.08862350722815839,0.02765556253928347,95.06329632620104,18.1359778696171,79,Tumor
0.4894179894179894,0.9629629629629629,0.5082417582417582,0.35157331775522827,0.9285714285714286,5.978565316465418,144.06956481481484,26.2211694975115,0.5399843137254903,0.16956339301457254,161.35978835978835,23.074819000652646,129.59126984126985,29.63344631856959,173.27116402116403,20.90724702131139,0.0,0.0,0.021164021164021163,0.28174603174603174,0.42063492063492064,0.23941798941798942,0.037037037037037035,0.0,121.99603783783783,13.360327977794705,80,Tumor
0.6024187452758881,1.0,0.6024187452758881,0.4451287724286338,0.5510204081632653,5.313272602318609,140.5219841269841,43.91292904892399,0.6855764705882353,0.26675504934495625,166.9599395313681,44.42572913886899,122.13529856387,47.02982104678282,165.85563114134544,30.939379754820532,0.0,0.0030234315948601664,0.17006802721088435,0.30612244897959184,0.17687074829931973,0.15041572184429328,0.1874527588813303,0.006046863189720333,108.88040401505646,20.44166438368684,81,Fibroblast
0.6061224489795919,1.0,0.6061224489795919,0.4014714122913702,1.6333333333333333,5.594710504942947,84.84271156462586,30.529603895544497,0.6125568627450979,0.3786242973499759,125.48639455782313,43.28060026281556,59.56530612244898,26.622726093211796,108.39863945578232,23.06197502440913,0.017687074829931974,0.22653061224489796,0.43945578231292515,0.21564625850340136,0.08571428571428572,0.014965986394557823,0.0,0.0,65.28049831649831,17.503493065871503,82,Fibroblast
0.6138888888888889,1.0,0.6138888888888889,0.9180720349664057,1.1111111111111112,3.6997003669797186,77.76191111111112,28.875850629373264,0.4627450980392157,0.7124560720202411,118.58055555555555,41.01929301793679,53.291666666666664,25.077456399013922,96.70277777777778,20.500623108566877,0.0,0.44722222222222224,0.2861111111111111,0.2,0.06666666666666667,0.0,0.0,0.0,57.72010859728507,10.406804899413219,83,Lymphocyte
0.6623496762257169,1.0,0.6623496762257169,0.13216003642571908,0.9787234042553191,9.75112799663218,81.69644264569843,27.487707957930496,0.6293176470588235,1.0807811876976106,116.74976873265494,34.77377413600074,58.222941720629045,26.362225783079218,110.62627197039778,20.95577065296364,0.0,0.3094357076780759,0.43061979648473636,0.18963922294172064,0.05504162812210916,0.014801110083256245,0.00046253469010175765,0.0,65.78463826815643,12.203907456970986,84,Tumor
0.873015873015873,1.0,0.873015873015873,1.047065345976146,1.037037037037037,3.4643203015187773,55.58331878306878,34.166094637568655,0.8094627450980393,2.2838861795410748,83.52248677248677,41.52933905423455,36.3968253968254,32.65380683829997,81.0978835978836,31.236865104433708,0.18915343915343916,0.578042328042328,0.13095238095238096,0.05423280423280423,0.01984126984126984,0.01455026455026455,0.013227513227513227,0.0,45.00321212121212,15.42736681573125,85,Plasma
0.5640273704789834,0.656891495601173,0.8586309523809523,1.0525179045558488,0.8571428571428571,3.4553352111110507,107.4702688172043,44.041388557863016,0.5976823529411764,0.3217356149863099,128.44086021505376,50.39637774267721,91.01466275659824,43.03862617656188,137.2003910068426,34.642736305504854,0.0,0.2404692082111437,0.24437927663734116,0.15053763440860216,0.21896383186705767,0.13294232649071358,0.01270772238514174,0.0,72.52596013864817,17.128150256618948,86,Lymphocyte
0.6350832266325224,1.0,0.6350832266325224,0.36044585434065257,0.6197183098591549,5.904524304130225,116.87717381562099,45.689346252887034,0.7484392156862744,0.5032623981530537,134.6978233034571,50.97090865575039,101.66357234314981,46.31165446017748,148.47375160051217,32.35498944137299,0.0,0.1235595390524968,0.25832266325224074,0.2586427656850192,0.15460947503201025,0.14116517285531371,0.04769526248399488,0.016005121638924456,87.55881401209676,22.59140943139584,87,Tumor
0.5220338983050847,1.0,0.5220338983050847,0.12205687074243175,0.9076923076923077,10.146676547276204,137.98099713168187,40.574284104133795,0.7766666666666667,0.20294157087385487,155.8883963494133,38.224023087249584,123.00912646675359,44.279339320183915,168.10534550195567,33.067279369592896,0.0,0.008344198174706649,0.1744458930899609,0.2500651890482399,0.2498044328552803,0.2091264667535854,0.09621903520208605,0.011994784876140809,105.2022052947053,20.199252706113324,88,Tumor
0.5389576883384933,1.0,0.5389576883384933,0.07884908858464211,1.4901960784313726,12.624279266499292,129.69677941176468,27.56158577011985,0.6320509803921568,0.2749986235442209,160.9798761609907,30.96705209349674,108.05030959752322,27.869874866686214,159.10758513931887,21.48071432649523,0.0,0.0,0.10706914344685242,0.3913828689370485,0.3542311661506708,0.13390092879256965,0.012899896800825593,0.0005159958720330237,109.07271852561033,14.930470110087969,89,Tumor
0.8243978243978244,1.0,0.8243978243978244,0.3470668268907508,0.8461538461538461,6.017254486486064,117.76232944832944,19.278929448637925,0.4894470588235294,1.1382290582794026,151.54545454545453,22.517593758623327,94.41414141414141,19.107723547448167,149.37839937839937,15.597668811103965,0.0,0.0,0.08003108003108003,0.7249417249417249,0.14219114219114218,0.05283605283605284,0.0,0.0,110.97894439208294,11.087866130620231,90,Tumor
0.6541353383458647,0.9458646616541353,0.6915739268680445,0.7345298598825907,0.918918918918919,4.136187372086944,67.19543759398496,31.017013495789456,0.6264862745098039,0.7911949945178443,109.09172932330827,49.40724437020912,41.95187969924812,24.1071686262302,87.29172932330827,22.633809447199727,0.06917293233082707,0.46090225563909776,0.2669172932330827,0.1556390977443609,0.04285714285714286,0.004511278195488722,0.0,0.0,48.06238850574713,13.769924799612898,91,Plasma
0.477088948787062,0.9285714285714286,0.5137880986937591,0.42316244446926493,0.49056603773584906,5.449433703020509,86.6497358490566,43.64569547861078,0.8121843137254902,0.2449245252780894,125.55121293800539,63.6114760398902,62.62398921832884,37.52050819258094,108.33018867924528,31.297526743943365,0.11388140161725067,0.2688679245283019,0.1597035040431267,0.2459568733153639,0.17318059299191374,0.029649595687331536,0.008086253369272238,0.0006738544474393531,46.680734463276835,17.145871626282826,92,Fibroblast
0.6254545454545455,1.0,0.6254545454545455,0.3947070390193166,0.5681818181818182,5.642447102306373,104.58427545454546,36.756947404483185,0.6753529411764705,0.5552883503764053,148.90272727272728,46.37037251421901,78.05090909090909,35.52191575877565,124.96909090909091,27.741910353878744,0.0,0.13727272727272727,0.3281818181818182,0.2781818181818182,0.16090909090909092,0.07909090909090909,0.016363636363636365,0.0,81.03581395348837,18.40829191395073,93,Fibroblast
0.7083333333333334,0.9166666666666666,0.7727272727272727,0.9114807485615186,0.9166666666666666,3.7130532861625287,83.23302256944443,51.08574474791517,0.7938509803921568,0.9821729508746552,97.48958333333333,61.19092867904659,69.38368055555556,49.16804741347282,117.15277777777777,37.61068285083605,0.024305555555555556,0.5104166666666666,0.15104166666666666,0.09722222222222222,0.09027777777777778,0.09895833333333333,0.024305555555555556,0.003472222222222222,53.887644607843136,18.638532466205447,94,Lymphocyte
0.6418650793650794,0.8432539682539683,0.7611764705882353,0.8130441787490384,0.7352941176470589,3.931405669853757,98.24501884920635,56.509003606433424,0.7268901960784313,0.783502672991358,110.24305555555556,60.57290513666425,85.30952380952381,56.50973919230885,133.3829365079365,48.74203421394545,0.0,0.4880952380952381,0.10912698412698413,0.09722222222222222,0.11210317460317461,0.07837301587301587,0.11011904761904762,0.00496031746031746,59.94038794435858,17.032334489621384,95,Lymphocyte
0.6884210526315789,1.0,0.6884210526315789,0.8151563560594028,0.76,3.9263089716262503,122.02582947368421,41.114220903060506,0.5189725490196079,0.7539124872738642,138.04631578947368,40.69095285590311,107.02947368421053,44.28728194220385,157.22526315789474,32.1961389264746,0.0,0.0,0.36210526315789476,0.29894736842105263,0.10105263157894737,0.14736842105263157,0.09052631578947369,0.0,96.63477064220183,14.570115497832468,96,Lymphocyte
0.49002217294900224,0.9024390243902439,0.542997542997543,0.533865418257089,0.5945945945945946,4.85164524037584,100.77535365853656,27.201438034207047,0.5919019607843138,0.39701024305760835,133.55321507760533,33.07193238068749,78.56319290465632,25.863188961188968,129.17849223946786,21.48279006841416,0.0,0.08314855875831485,0.3514412416851441,0.417960088691796,0.1352549889135255,0.008869179600886918,0.0033259423503325942,0.0,78.13222171945701,13.308511813607181,97,Tumor
0.6054006968641115,0.926829268292683,0.6531954887218046,0.9476592422937961,1.3571428571428572,3.6414875606922315,85.3718536585366,43.17660356281796,0.7532784313725489,0.7402364830753901,117.73954703832753,51.38217742842468,63.967770034843205,41.07004944274289,110.68989547038328,36.584892480760345,0.02177700348432056,0.42770034843205573,0.171602787456446,0.1794425087108014,0.1367595818815331,0.04790940766550523,0.014808362369337979,0.0,54.98201294964029,15.602179873102285,98,Plasma
0.6591285162713734,1.0,0.6591285162713734,0.13542202458457747,1.3243243243243243,9.63297162143719,88.86928571428572,34.73727529346711,0.6510431372549018,0.6243790962794213,123.4065085493657,42.22744212991945,65.98290126861555,33.27289817347277,116.1296194153337,27.43533277584681,0.00827357970215113,0.2763375620518478,0.3530060672917816,0.19360176503033646,0.13127413127413126,0.03640375068946498,0.0011031439602868175,0.0,67.90305271966527,16.984074765247893,99,Tumor
0.8070652173913043,0.9266304347826086,0.8709677419354839,0.8819026636258682,1.4090909090909092,3.7748057233662036,106.19373505434781,23.76024021375629,0.5511450980392156,1.408910486393381,131.02853260869566,26.007586707055765,87.48641304347827,24.058123236351626,137.38315217391303,18.734557085616792,0.0,0.0,0.3763586956521739,0.4633152173913043,0.11413043478260869,0.03940217391304348,0.006793478260869565,0.0,96.55720202020203,11.340235030117869,100,Plasma
0.3169129720853859,0.9714285714285714,0.3262339418526031,0.1365540701191005,0.39080459770114945,9.592959421696792,131.19092610837438,30.13581076317918,0.7409843137254901,0.2376201034719569,188.50509031198686,34.65904853976085,100.03481116584565,31.469047059447075,141.2935960591133,23.099922341677072,0.0,0.013464696223316914,0.11001642036124795,0.27553366174055827,0.49195402298850577,0.0755336617405583,0.02200328407224959,0.011494252873563218,98.3099481865285,18.19664513961878,101,Fibroblast
0.5638297872340425,0.7801418439716312,0.7227272727272728,0.438150284567148,0.5681818181818182,5.3554181110959105,92.41456241134752,18.95330542640334,0.347835294117647,0.38745497862035355,122.86666666666666,21.36612506367045,70.3113475177305,18.694033607288638,126.35673758865248,16.246670384313532,0.0,0.04680851063829787,0.5524822695035461,0.3588652482269504,0.04184397163120567,0.0,0.0,0.0,78.48320125786164,9.209623111662406,102,Tumor
0.6096774193548387,0.7548387096774194,0.8076923076923077,1.1416651399361721,0.9629629629629629,3.3176881519698833,89.22050430107527,33.48475243515367,0.5316588235294119,0.7002840886957797,111.16021505376344,38.60741373949667,71.56774193548387,32.904590526199286,122.5731182795699,26.149148878128447,0.0,0.3139784946236559,0.2989247311827957,0.22795698924731184,0.12043010752688173,0.03870967741935484,0.0,0.0,65.7720634920635,12.296456816758626,103,Lymphocyte
0.6752136752136753,0.8518518518518519,0.7926421404682275,0.8858506352180618,0.8846153846153846,3.766384739831928,86.98582193732193,38.22524688951779,0.632356862745098,1.0846892112502764,105.99430199430199,42.12378274734875,70.05555555555556,38.181617892898124,124.30626780626781,30.725026975609417,0.0,0.40883190883190884,0.254985754985755,0.1908831908831909,0.0811965811965812,0.04843304843304843,0.01566951566951567,0.0,63.799099156118146,12.783065907539441,104,Plasma
0.47491638795986624,0.7012263099219621,0.6772655007949125,0.3844637950098397,0.4594594594594595,5.717118680715808,107.66819620958752,25.115327237636908,0.4952156862745099,-0.12627633087811926,132.61984392419174,31.15622817065304,88.35451505016722,23.847931092800568,141.67335562987736,21.229050088723096,0.0,0.045707915273132664,0.2887402452619844,0.4158305462653289,0.241917502787068,0.007803790412486065,0.0,0.0,85.85346244131455,14.414501412684686,105,Tumor
0.5105301379811183,0.8351488743645606,0.611304347826087,0.7862369652807492,1.84,3.9978657179449852,112.89664270152505,39.58659397339073,0.5639843137254901,0.22147747456704656,136.4872912127814,44.66019550883761,94.88743645606391,38.97211964218785,143.75453885257807,31.021193988851422,0.0,0.1299927378358751,0.2665214233841685,0.2214960058097313,0.22004357298474944,0.15904139433551198,0.002904865649963689,0.0,79.2624907539118,17.15888331538908,106,Fibroblast
0.6888045540796964,0.9354838709677419,0.7363083164300203,0.9696232400919078,0.8529411764705882,3.6000076522722466,95.43579981024666,40.18344319538551,0.6232666666666666,0.7942330568969049,123.30645161290323,47.39338395416775,75.1100569259962,38.66362545098218,126.99620493358634,32.15061779634498,0.0,0.2647058823529412,0.3301707779886148,0.16698292220113853,0.15180265654648956,0.06641366223908918,0.019924098671726755,0.0,71.94589531680441,17.52979049021735,107,Tumor
0.6072916666666667,0.9666666666666667,0.6282327586206896,0.5444555639247471,0.90625,4.804229126062976,62.23988125,32.74680819634791,0.5576196078431374,0.6648646047083976,100.81666666666666,54.21056298258568,39.35208333333333,24.658183982734595,78.9125,21.923319253327797,0.221875,0.3614583333333333,0.23229166666666667,0.15520833333333334,0.028125,0.0010416666666666667,0.0,0.0,39.29222641509434,12.812807528208294,108,Lymphocyte
0.6387878787878788,0.8787878787878788,0.7268965517241379,0.30234100227206373,0.8620689655172413,6.446981259661675,104.74669333333333,48.75312785014539,0.7869764705882352,0.6511599215117114,114.84,47.2264805020029,92.1321212121212,52.04809662386441,143.22787878787878,42.18612666954916,0.0,0.2703030303030303,0.25575757575757574,0.16363636363636364,0.12848484848484848,0.12,0.05696969696969697,0.0048484848484848485,72.62670208728652,20.18417376513285,109,Plasma
0.49047619047619045,0.9444444444444444,0.519327731092437,0.525014672774065,2.0588235294117645,4.892369066301739,127.32289999999999,44.6595176590701,0.6451411764705882,0.10220083739949933,153.01746031746032,50.07975873364262,109.5968253968254,44.7325667674507,151.2047619047619,32.663425148070864,0.0,0.03015873015873016,0.3047619047619048,0.16825396825396827,0.19523809523809524,0.2396825396825397,0.06190476190476191,0.0,86.98670873786406,18.464952171218666,110,Fibroblast
0.5140625,1.0,0.5140625,0.6833613110949037,0.8,4.288246465719978,112.754128125,29.529762159966833,0.6001098039215687,0.24815753576479876,166.85546875,35.580742923213016,82.37890625,28.56983262645602,127.2625,23.961000213889232,0.0,0.0203125,0.32265625,0.32265625,0.27890625,0.04921875,0.00625,0.0,88.20420212765957,13.693259023367261,111,Fibroblast
0.6451612903225806,0.8620689655172413,0.7483870967741936,0.9411796172944628,0.8064516129032258,3.6540011135645587,93.22732814238043,34.543573536378354,0.6280627450980393,0.829272627764497,115.26140155728588,39.62712145584854,75.60845383759732,33.60203817760867,126.1579532814238,28.60022423105775,0.0,0.2347052280311457,0.3692992213570634,0.1935483870967742,0.16240266963292546,0.030033370411568408,0.010011123470522803,0.0,70.96483793103448,13.563441121122155,112,Plasma
0.5603655603655604,0.9629629629629629,0.5819180819180819,0.4569090155029006,2.9615384615384617,5.244330681015977,139.97376671476673,32.38560982905727,0.5941803921568626,0.46343951135742206,164.72631072631071,31.513354634946335,122.44203944203944,35.11675548101783,165.32563732563733,23.308010826785715,0.0,0.0,0.04329004329004329,0.4030784030784031,0.27224627224627224,0.22318422318422318,0.05483405483405483,0.003367003367003367,115.44770815450643,14.05861628178972,113,Fibroblast
0.4634146341463415,0.7794273594909862,0.5945578231292517,0.45384330235330234,1.6666666666666667,5.262013605584338,106.66669459172853,20.809910183904858,0.46029411764705885,0.17027862829770243,141.03287380699894,25.14829782028339,82.85153764581123,19.78021375178201,139.15800636267232,16.68660212281247,0.0,0.008483563096500531,0.28844114528101805,0.5588547189819725,0.1325556733828208,0.01166489925768823,0.0,0.0,88.8326933638444,11.755298634198997,114,Tumor
0.8827586206896552,1.0,0.8827586206896552,0.9276213602295121,1.0344827586206897,3.6806079660838646,84.15538620689655,39.875964154383134,0.7267254901960785,2.0205597877904937,98.94597701149425,38.450542362280075,69.54367816091954,42.09930570085593,120.6,36.39396185866709,0.0,0.3620689655172414,0.41954022988505746,0.10574712643678161,0.034482758620689655,0.027586206896551724,0.04482758620689655,0.005747126436781609,71.50065885416667,17.245242593694943,115,Plasma
0.7368421052631579,1.0,0.7368421052631579,0.7911608481466367,1.0,3.985405706652278,90.36086980609417,25.025299490841626,0.46466666666666656,0.8287078329527895,112.80886426592798,26.715066331009155,72.1218836565097,25.77081156777587,125.39889196675901,19.937614582154907,0.0,0.10249307479224377,0.5623268698060941,0.23268698060941828,0.08587257617728532,0.01662049861495845,0.0,0.0,78.13865789473684,13.259060652927174,116,Plasma
0.7228338068181818,1.0,0.7228338068181818,0.2062777002429646,1.375,7.8051057491454054,107.78208096590907,26.980451225268336,0.6625568627450981,1.2575281768086193,160.88618607954547,30.892960493278043,77.556640625,27.479124087015578,124.134765625,22.16580530623793,0.0,0.007457386363636364,0.3879616477272727,0.4032315340909091,0.15465198863636365,0.028586647727272728,0.018110795454545456,0.0,94.31359788749693,12.578071439181093,117,Fibroblast
0.6564102564102564,0.8256410256410256,0.7950310559006211,0.7943187351298637,1.2173913043478262,3.9774756441743295,111.40241410256411,57.600360365183754,0.7769294117647059,0.6256920844767472,119.77948717948718,54.12369583665796,100.14487179487179,61.60873886447232,147.39743589743588,50.750859470703766,0.0,0.2782051282051282,0.2564102564102564,0.12179487179487179,0.09102564102564102,0.1076923076923077,0.11923076923076924,0.02564102564102564,73.99491796875,22.951015515494944,118,Plasma
0.5727513227513228,0.8928571428571429,0.6414814814814814,0.1974611146762056,0.9259259259259259,7.977450900114731,65.51577513227512,24.622954930517192,0.49150588235294107,0.4362929540640814,95.81878306878306,38.426872990542016,44.38227513227513,20.03781222172962,94.8558201058201,18.74541511462176,0.07275132275132275,0.4365079365079365,0.376984126984127,0.09788359788359788,0.015873015873015872,0.0,0.0,0.0,47.834120092378754,12.33594078787007,119,Tumor
0.5804924242424242,0.9166666666666666,0.6332644628099173,0.7404061117456914,0.5,4.119741197782298,111.45219223484848,63.792679721361246,0.8676705882352941,0.41766208663622356,123.40530303030303,68.16035383941484,99.01041666666667,65.43977746620467,144.1657196969697,50.25263824535384,0.017992424242424244,0.33428030303030304,0.16287878787878787,0.08333333333333333,0.09848484848484848,0.14962121212121213,0.11837121212121213,0.035037878787878785,61.972717781402935,22.17142760254816,120,Fibroblast
0.6674937965260546,0.8995037220843672,0.7420689655172413,1.1402778530148818,1.16,3.319705724406047,88.47181265508684,59.68470262903648,0.798356862745098,0.8413243304071764,101.04466501240695,64.46506731013079,75.47518610421837,59.635690969186506,122.41687344913151,51.56549150156411,0.05707196029776675,0.48759305210918114,0.0880893300248139,0.09429280397022333,0.0880893300248139,0.08933002481389578,0.09553349875930521,0.0,50.0709126394052,18.670405088706108,121,Plasma
0.6600790513833992,0.7134387351778656,0.925207756232687,1.0246991663076084,1.0,3.5019241930533296,83.39912450592885,58.27420991203441,0.7649960784313726,0.8035617856572064,89.14229249011858,59.34450494090626,73.2707509881423,58.89110180467022,120.48814229249012,55.58635394384368,0.10474308300395258,0.4762845849802372,0.07312252964426877,0.0691699604743083,0.11264822134387352,0.11857707509881422,0.045454545454545456,0.0,44.37720958083832,15.082613294797,122,Plasma
0.671875,1.0,0.671875,0.7876879539612892,0.875,3.99418181510219,91.97870089285713,30.31932486883659,0.4650901960784314,0.7221786226543968,115.81026785714286,35.39521358278701,73.38392857142857,29.527717165316012,125.21986607142857,24.454259561400523,0.0,0.20758928571428573,0.4263392857142857,0.21428571428571427,0.12723214285714285,0.024553571428571428,0.0,0.0,73.93771428571429,13.963415463634307,123,Plasma
0.4895833333333333,1.0,0.4895833333333333,0.08030487601973793,1.5555555555555556,12.509327826656875,123.85991666666665,31.134826171637688,0.7291176470588235,0.6102590036884812,137.51289682539684,29.32933942543221,109.84722222222223,34.2836046506126,160.20386904761904,28.09969505198584,0.0,0.006944444444444444,0.19246031746031747,0.35615079365079366,0.3541666666666667,0.05952380952380952,0.018353174603174604,0.01240079365079365,99.17810030395135,16.148784125518354,124,Tumor
0.6355555555555555,1.0,0.6355555555555555,0.8492396020100953,1.0,3.8467132460326177,97.28701777777776,40.44804667630531,0.5498352941176471,0.6306805188793941,116.32888888888888,45.20312979440557,80.81333333333333,39.671885370988974,132.1688888888889,34.907979490350996,0.0,0.2577777777777778,0.32,0.16,0.16444444444444445,0.09777777777777778,0.0,0.0,70.04463636363634,15.532134749665113,125,Lymphocyte
0.2757936507936508,0.7857142857142857,0.351010101010101,0.4511171269101046,0.4090909090909091,5.277889266355792,79.99426190476188,20.526260695986018,0.41761960784313723,-0.47528169813612986,146.52579365079364,41.40152939536027,45.87896825396825,13.13925847303471,81.15873015873017,9.256089971586617,0.011904761904761904,0.2123015873015873,0.5793650793650794,0.19345238095238096,0.002976190476190476,0.0,0.0,0.0,52.33541007194244,11.331659630879951,126,Fibroblast
0.6818181818181818,0.8781818181818182,0.7763975155279503,1.081815652062601,0.9130434782608695,3.408225344662527,63.91394727272728,28.586296204792408,0.49419607843137253,1.02987975857806,97.89818181818181,45.213841367878366,42.092727272727274,22.443394286681283,87.14,21.328266349015465,0.04363636363636364,0.58,0.22,0.11636363636363636,0.04,0.0,0.0,0.0,46.953864,10.57415971407834,127,Plasma
0.5710868987509965,1.0,0.5710868987509965,0.08862742350037367,0.7464788732394366,11.907507671563687,143.91521286207814,53.43241655269059,0.7890196078431373,0.27683349174065613,157.42120648418816,47.964031688636,131.38665958012226,59.94216454801923,173.0026574541589,41.5241701062127,0.0,0.021525378687217645,0.21179909646558598,0.2280095668349721,0.15944724953494552,0.13818761626361944,0.13393568960935423,0.10709540260430507,103.35781758957656,24.218306126008763,128,Tumor
0.7436974789915967,0.9705882352941176,0.7662337662337663,1.1232155529562295,1.1785714285714286,3.3448248246125885,61.665033613445374,40.56211422515888,0.7038509803921568,1.3118892130099695,91.9390756302521,55.533853578364145,41.41386554621849,35.137588760202114,86.53781512605042,32.36514748455372,0.19747899159663865,0.47478991596638653,0.11659663865546219,0.1134453781512605,0.05672268907563025,0.038865546218487396,0.0021008403361344537,0.0,40.57425423728814,13.837849987930593,129,Lymphocyte
0.5802955665024631,0.8246305418719212,0.7037037037037037,0.7551874596324408,0.8709677419354839,4.07922393498013,120.90179408866997,66.31483842923491,0.8275960784313725,0.2984516967389634,132.12413793103448,64.20578337915308,109.64630541871921,69.89630619249486,149.42364532019704,56.798093984813434,0.009852216748768473,0.27783251231527095,0.18226600985221675,0.10344827586206896,0.08078817733990148,0.11921182266009853,0.15763546798029557,0.06896551724137931,69.48011544991512,26.097793629336536,130,Lymphocyte
0.702300785634119,1.0,0.702300785634119,0.0815619336319038,1.2222222222222223,12.412554700100234,84.10346689113354,23.551340671560848,0.5588901960784314,0.755376136072717,120.45454545454545,31.050561733089697,60.098765432098766,21.563450304815152,112.36475869809203,18.164000775053367,0.0005611672278338945,0.18714927048260382,0.5729517396184063,0.1739618406285073,0.06425364758698092,0.001122334455667789,0.0,0.0,72.11696044746303,13.118440471426126,131,Tumor
0.3977777777777778,0.7933333333333333,0.5014005602240896,0.720839717984391,1.619047619047619,4.175279738395351,136.4659888888889,43.92741997097648,0.6433647058823528,-0.20663768810902552,161.88,49.0171516466997,118.72444444444444,43.91605201622019,161.16333333333333,33.607852752990134,0.0,0.043333333333333335,0.1988888888888889,0.15555555555555556,0.23333333333333334,0.2833333333333333,0.08555555555555555,0.0,89.52477374301675,21.22026899446402,132,Fibroblast
0.6126829268292683,0.7941463414634147,0.7714987714987716,0.5480333851262195,0.5945945945945946,4.788521306805733,126.66179609756097,53.40137777397156,0.7800588235294116,0.3586095856414768,138.9190243902439,54.22830040580144,113.65560975609756,56.168070352,161.48390243902438,40.47483993418379,0.0,0.11219512195121951,0.24682926829268292,0.2097560975609756,0.11804878048780487,0.144390243902439,0.13560975609756099,0.033170731707317075,89.17708917197452,24.413087840330473,133,Plasma
0.5788690476190477,0.7202380952380952,0.8037190082644629,1.0571622337771882,1.0,3.447736860631078,99.83006398809523,51.2348514742036,0.6354745098039215,0.44650640495983995,114.98511904761905,57.84538930866955,86.16517857142857,49.61459596435516,130.44345238095238,44.29728861405917,0.0,0.39285714285714285,0.15327380952380953,0.125,0.12351190476190477,0.19345238095238096,0.011904761904761904,0.0,60.247061696658086,17.4729657308266,134,Plasma
0.6201923076923077,0.8333333333333334,0.7442307692307693,0.9647263296482841,0.7692307692307693,3.609132831204977,107.189953525641,67.95929516367627,0.8207215686274509,0.5772718872733265,115.53685897435898,68.21063662734953,96.3076923076923,70.69060571037849,141.33173076923077,56.38816836553411,0.003205128205128205,0.4567307692307692,0.10416666666666667,0.07211538461538461,0.05929487179487179,0.12179487179487179,0.12179487179487179,0.060897435897435896,57.72666408268734,20.286221126738262,135,Lymphocyte
0.6926829268292682,1.0,0.6926829268292682,0.660622750609099,1.025,4.361422593862411,91.36687865853658,14.973627414656715,0.32311764705882356,0.8994697229769143,123.37073170731708,18.8098085972347,68.07865853658537,14.101998929592641,127.34085365853659,11.646271852045826,0.0,0.0006097560975609756,0.6920731707317073,0.29329268292682925,0.01402439024390244,0.0,0.0,0.0,82.66785211267604,6.064867022388545,136,Tumor
0.6128,0.7744,0.7913223140495868,1.2126278521792802,1.0,3.219149620937855,101.4422464,71.85787726715066,0.8563098039215687,0.6032152934506888,108.304,76.08467114997606,91.6384,73.55890459652048,133.9264,59.078857326796694,0.0656,0.4384,0.072,0.056,0.0976,0.096,0.0976,0.0768,48.65694516971279,20.780321829220437,137,Lymphocyte
0.7083333333333334,1.0,0.7083333333333334,0.8113053944817391,0.9333333333333333,3.9356162961157812,106.80002857142858,30.19622858955265,0.5403529411764706,1.0070397183176454,134.0654761904762,33.434787251944144,86.56309523809524,30.66909907445194,139.4904761904762,21.330559449763836,0.0,0.0011904761904761906,0.4857142857142857,0.28095238095238095,0.15714285714285714,0.0630952380952381,0.011904761904761904,0.0,90.21405546218487,12.8687383604688,138,Tumor
0.41217672413793105,0.921875,0.44710695499707775,0.1817253973532092,0.4915254237288136,8.315667549715153,95.76991756465517,23.320388678298002,0.4939529411764706,-0.07578156178969149,142.85290948275863,30.866027632229105,67.67133620689656,21.099052048669915,116.96336206896552,19.28288040276988,0.0,0.10129310344827586,0.3723060344827586,0.44396551724137934,0.08189655172413793,0.0005387931034482759,0.0,0.0,72.81221307189541,12.511855482124973,139,Fibroblast
0.783068783068783,0.9444444444444444,0.8291316526610645,1.0332349171806432,1.2352941176470589,3.4874291623145783,47.395584656084665,25.73729536218391,0.5999882352941177,1.8506437570326324,62.13227513227513,31.276095400497514,33.21957671957672,23.624082812031507,81.73809523809524,29.339062906727236,0.30687830687830686,0.4894179894179894,0.13756613756613756,0.05291005291005291,0.007936507936507936,0.005291005291005291,0.0,0.0,35.83548310810811,8.755999806679961,140,Lymphocyte
0.8442857142857143,1.0,0.8442857142857143,0.8229058208405841,0.8928571428571429,3.9077778315012037,89.39546142857144,45.62671622566195,0.6950980392156862,1.666162192366758,106.00714285714285,44.42465474237916,73.60285714285715,47.99561876263461,127.14428571428572,38.33507210194373,0.0,0.35714285714285715,0.3757142857142857,0.11428571428571428,0.04,0.03857142857142857,0.07285714285714286,0.0014285714285714286,71.98173265651438,18.375970664637386,141,Lymphocyte
0.5304232804232805,1.0,0.5304232804232805,0.15258715851437654,2.074074074074074,9.074985487371865,99.89498082010583,46.716668729241604,0.8174588235294118,0.28597783303416535,136.0945767195767,61.44102581441582,77.36507936507937,42.459991097989175,120.95965608465609,38.7790558331465,0.06812169312169312,0.19444444444444445,0.19642857142857142,0.3029100529100529,0.11243386243386243,0.09126984126984126,0.03439153439153439,0.0,64.61797506234413,25.65609120150664,142,Fibroblast
0.7298245614035088,0.8,0.9122807017543859,0.7774554098116324,0.7916666666666666,4.020380770332773,99.97664210526317,45.96867377344549,0.6821607843137255,0.8903879492818974,120.92456140350878,49.67246680144813,83.51754385964912,46.33221615265665,129.7842105263158,35.85596081729114,0.0,0.2824561403508772,0.3017543859649123,0.1649122807017544,0.08596491228070176,0.10877192982456141,0.056140350877192984,0.0,75.21871394230769,19.659324011492462,143,Lymphocyte
0.843501326259947,1.0,0.843501326259947,0.8855636244578874,1.1153846153846154,3.7669950321611845,70.93516843501327,44.35842056026796,0.7336039215686275,1.6106483488016363,79.03448275862068,47.692498443217815,59.07559681697613,43.99802097944861,110.75862068965517,41.998201126146476,0.05968169761273209,0.5450928381962865,0.21485411140583555,0.05305039787798409,0.046419098143236075,0.04376657824933687,0.03713527851458886,0.0,54.17814465408806,18.96630229428153,144,Plasma
0.4375896700143472,0.5624103299856528,0.7780612244897959,1.1400187499641725,1.0,3.320082953733556,104.44084433285511,62.45317165008027,0.8400666666666667,-0.03871838281496226,137.08106169296988,74.47463936266149,84.02152080344332,59.065191194870295,123.97345767575322,52.94634691190357,0.21664275466284075,0.16714490674318508,0.05380200860832138,0.09469153515064563,0.22381635581061693,0.19010043041606886,0.05021520803443329,0.003586800573888092,38.77571639344262,17.88283524958583,145,Lymphocyte
0.6581196581196581,0.9743589743589743,0.6754385964912281,0.4925593923995659,0.868421052631579,5.050979775668764,113.09180730380731,40.42723066625788,0.7199372549019607,0.8358251666408897,129.33411033411033,42.18362136960484,98.02408702408702,42.69919954797154,148.07692307692307,33.02015330334912,0.0,0.05283605283605284,0.36985236985236986,0.2564102564102564,0.17871017871017872,0.09090909090909091,0.04584304584304584,0.005439005439005439,88.46430932703659,17.585188321655664,146,Tumor
0.65,0.7741935483870968,0.8395833333333333,0.8767741270060156,1.875,3.785829658539056,110.84161774193548,67.8216904934146,0.8238509803921569,0.5984501079525387,115.97903225806452,64.31172480543943,101.40645161290323,72.34199215769796,145.95,60.548506947309505,0.01935483870967742,0.34838709677419355,0.18548387096774194,0.09193548387096774,0.06935483870967742,0.06935483870967742,0.13870967741935483,0.07741935483870968,65.16046153846153,24.24492305884706,147,Plasma
0.6363636363636364,1.0,0.6363636363636364,0.6613361306953844,1.03125,4.359069636429096,133.6017774621212,49.29674348609652,0.7363921568627451,0.5198864881968218,143.92424242424244,45.03231099462904,121.98011363636364,53.87911362332877,166.3693181818182,42.608106333099336,0.0,0.043560606060606064,0.21875,0.2689393939393939,0.18087121212121213,0.13257575757575757,0.08333333333333333,0.07196969696969698,101.79515327380952,23.399518845760788,148,Plasma
0.7885375494071146,1.0,0.7885375494071146,0.9946403243660602,0.9565217391304348,3.5544458376844883,70.0528399209486,24.64798046999141,0.5164,1.4506471964239107,88.11660079051383,29.162964511813808,54.08695652173913,23.208377845073333,104.88537549407114,22.15545827958365,0.0,0.5237154150197628,0.32608695652173914,0.11264822134387352,0.03162055335968379,0.005928853754940711,0.0,0.0,59.41113032581453,11.25051745924647,149,Lymphocyte
0.707242848447961,0.9433962264150944,0.7496774193548387,0.8774786763947695,0.62,3.7843094850751315,91.83256177723675,27.51015328499895,0.5305803921568627,0.9613055554412867,117.87644552647596,32.04287980727073,72.09129640900791,26.57572588000347,125.17468046256847,22.518118311413556,0.0,0.10529519172245892,0.5477784540474742,0.21667681071211198,0.11868533171028606,0.010955569080949483,0.0006086427267194157,0.0,76.53046901893288,11.60918953333147,150,Tumor
0.6774193548387096,1.0,0.6774193548387096,0.5223649204385329,1.4761904761904763,4.904761904761905,88.80622580645162,56.15859871501524,0.8167294117647059,0.8801549372380704,98.9831029185868,60.22610768002424,76.6989247311828,57.325022473687476,124.45622119815668,49.635654123033625,0.0445468509984639,0.44086021505376344,0.1674347158218126,0.0890937019969278,0.09062980030721966,0.10445468509984639,0.05837173579109063,0.004608294930875576,53.90521088435374,18.97272510327435,151,Lymphocyte
0.6106666666666667,0.9,0.6785185185185185,0.9459891093649738,1.08,3.644700645424783,107.46322666666667,51.63519343382595,0.8059450980392158,0.5107369617041795,125.79066666666667,57.32355111896757,91.83866666666667,52.76012987937851,139.84666666666666,37.490645351725924,0.0026666666666666666,0.24,0.2693333333333333,0.14266666666666666,0.10533333333333333,0.18933333333333333,0.034666666666666665,0.016,70.93879694323144,21.192664836944935,152,Plasma
0.5133744855967078,0.668724279835391,0.7676923076923077,1.1766971170135536,1.04,3.2679288115616703,98.2308734567901,69.06593148030522,0.8902431372549019,0.2787917807245008,124.34670781893004,82.10607511911692,81.3045267489712,65.75598566131023,116.88991769547324,58.17501639099031,0.3065843621399177,0.1368312757201646,0.06481481481481481,0.08641975308641975,0.1697530864197531,0.12757201646090535,0.09053497942386832,0.01748971193415638,36.82024248496994,21.001811084307956,153,Lymphocyte
0.5498069498069498,1.0,0.5498069498069498,0.4698201994026324,0.9459459459459459,5.171768654071443,112.93049343629342,51.51680674264309,0.7804235294117646,0.3325964511576195,129.64247104247104,53.877090668606584,98.26100386100386,53.26115291470017,144.63320463320463,40.858913217855246,0.0007722007722007722,0.23474903474903475,0.23011583011583012,0.13281853281853281,0.19768339768339768,0.10193050193050193,0.09884169884169884,0.003088803088803089,72.12051404494382,21.72311462610257,154,Plasma
0.7161764705882353,0.8661764705882353,0.8268251273344652,1.0595260542231504,0.6129032258064516,3.4438887336637727,57.22536176470588,32.98682353538182,0.5137215686274509,1.0422799438257562,85.74117647058823,46.314755098050426,37.68235294117647,27.853909542766324,83.06323529411765,28.693519479511526,0.23970588235294119,0.4441176470588235,0.1426470588235294,0.12941176470588237,0.04411764705882353,0.0,0.0,0.0,38.47355646817249,11.218145540688443,155,Lymphocyte
0.7025862068965517,0.9310344827586207,0.7546296296296297,1.0638772905854632,1.125,3.4368388005106225,85.35271264367816,28.5696932755163,0.45607843137254894,0.8135592085000265,105.54310344827586,33.24216066294462,67.95114942528735,28.010474720738316,122.0,21.133062292036158,0.0,0.27011494252873564,0.4324712643678161,0.1824712643678161,0.10919540229885058,0.005747126436781609,0.0,0.0,68.905081799591,11.900864480528375,156,Plasma
0.7881944444444444,1.0,0.7881944444444444,1.0967190040213504,1.125,3.384988889159857,49.50736805555555,35.20895471014727,0.5791058823529411,1.5878773774120312,66.47916666666667,45.018972659375024,35.69444444444444,30.44981704419078,76.11805555555556,36.52881216849732,0.4513888888888889,0.3125,0.10416666666666667,0.0625,0.06597222222222222,0.003472222222222222,0.0,0.0,33.38316299559472,11.777160680941307,157,Lymphocyte
0.6671597633136095,0.8165680473372781,0.8170289855072463,1.1242676348097573,0.9583333333333334,3.343259426370879,98.67659911242603,67.44909371916003,0.8771098039215686,0.7313405266443231,113.66568047337279,70.91106651795945,84.44526627218934,68.32381322733079,132.64201183431953,56.615402472613006,0.04437869822485207,0.4630177514792899,0.09911242603550297,0.07692307692307693,0.06804733727810651,0.08431952662721894,0.1242603550295858,0.03994082840236687,54.7630177383592,22.396147980177705,158,Lymphocyte
0.6905594405594405,0.8846153846153846,0.7806324110671937,1.139512486839273,0.9565217391304348,3.3208203958157423,91.8882972027972,55.27780278436287,0.7754470588235293,0.8685325552207366,100.35839160839161,54.529929065116555,80.36888111888112,57.16283277791311,128.98776223776224,50.81412229943906,0.005244755244755245,0.45454545454545453,0.17132867132867133,0.11363636363636363,0.08916083916083917,0.09090909090909091,0.06468531468531469,0.01048951048951049,58.96170126582279,21.092307344763107,159,Plasma
0.5764895330112721,0.6956521739130435,0.8287037037037037,1.0327733425024297,1.3333333333333333,3.4882083890391535,107.71637520128826,43.86701989145297,0.7332823529411765,0.4278840449492551,121.84219001610306,45.06542988150804,93.69565217391305,45.50057029709077,142.86151368760065,37.78871872351735,0.00322061191626409,0.15942028985507245,0.322061191626409,0.16586151368760063,0.21578099838969403,0.09017713365539452,0.043478260869565216,0.0,75.24211731843576,19.443698885771145,160,Plasma
0.5790229885057471,0.7183908045977011,0.806,1.1986384278311826,1.25,3.237880629013666,117.12271982758621,82.56990287128198,0.8586313725490196,0.32001406642313923,121.2514367816092,82.88713589445732,109.54597701149426,85.85180469199838,145.30747126436782,73.55317297387677,0.11781609195402298,0.3390804597701149,0.06465517241379311,0.05747126436781609,0.04885057471264368,0.05890804597701149,0.125,0.1882183908045977,50.85156823821339,25.918717269675852,161,Lymphocyte
0.5621428571428572,1.0,0.5621428571428572,0.1440728056858672,0.56,9.3392913759737,154.55291785714286,19.226240030184073,0.6519450980392156,0.009984219081306986,175.88142857142856,17.551644553448895,138.93642857142856,21.65705662204844,179.02357142857142,20.184510011089074,0.0,0.0007142857142857143,0.0014285714285714286,0.07071428571428572,0.5521428571428572,0.34714285714285714,0.027857142857142858,0.0,140.90967217280811,11.357674097117828,162,Fibroblast
0.6184413580246914,1.0,0.6184413580246914,0.11696264824977648,0.5,10.36528709414168,73.1960536265432,21.407100780691938,0.5329490196078431,0.9692977165105977,109.57098765432099,29.595830291267,49.264274691358025,19.266627136922196,101.01929012345678,17.15413327408191,0.0,0.38233024691358025,0.49421296296296297,0.09606481481481481,0.026234567901234566,0.0011574074074074073,0.0,0.0,59.93557766687461,10.216855210750033,163,Tumor
0.7318518518518519,1.0,0.7318518518518519,0.6085469153507922,1.08,4.54420483372506,43.185023703703706,32.30190032615604,0.5987764705882352,1.650552939125597,63.83555555555556,46.200989995271854,27.585185185185185,26.73906427493378,69.34814814814816,29.544772933325376,0.5911111111111111,0.2,0.11703703703703704,0.054814814814814816,0.03111111111111111,0.005925925925925926,0.0,0.0,26.47239068825911,9.343959650956265,164,Lymphocyte
0.6394736842105263,0.8,0.7993421052631579,0.6231258155880581,2.375,4.4907311951024935,121.62168289473684,43.51001123091004,0.670349019607843,0.7090807425617979,140.225,42.66559881647533,106.72105263157894,46.51042417336895,149.55394736842106,36.05503447140319,0.0,0.030263157894736843,0.33026315789473687,0.2513157894736842,0.20394736842105263,0.07763157894736843,0.10263157894736842,0.003947368421052632,94.33008436213991,19.850219325816184,165,Fibroblast
0.7370967741935484,0.8387096774193549,0.8788461538461538,1.020947799246603,0.7692307692307693,3.50835202293741,90.83431451612904,64.92260981466976,0.8610745098039215,1.0890850897216524,99.69354838709677,68.8237085719921,80.10806451612903,65.99476713954137,122.82903225806452,52.07008114720371,0.017741935483870968,0.5693548387096774,0.10483870967741936,0.05,0.03870967741935484,0.07741935483870968,0.1,0.041935483870967745,54.536722100656455,18.713472635226747,166,Plasma
0.6696969696969697,1.0,0.6696969696969697,0.3395236815704163,0.9166666666666666,6.083729506304693,117.48821636363637,49.63531648909454,0.7860235294117649,0.6188227620392982,158.66727272727272,50.79580233627801,92.93272727272728,52.27645934503304,135.9227272727273,40.94637030368909,0.0,0.13545454545454547,0.2739393939393939,0.23242424242424242,0.13636363636363635,0.12393939393939393,0.06181818181818182,0.036060606060606064,88.0632552036199,24.55963522471517,167,Fibroblast
0.5770013568521031,1.0,0.5770013568521031,0.26132569337161904,0.6567164179104478,6.934479623054869,100.27853222523746,41.988385219493125,0.8065764705882351,0.6137224585967707,145.95081411126188,51.03295908701664,73.34124830393488,40.56366214528866,119.19233378561736,32.78427467229037,0.005766621438263229,0.24185888738127545,0.2608548168249661,0.223202170963365,0.18995929443690637,0.04918588873812754,0.022048846675712348,0.007123473541383989,70.26413991769547,19.114208074875332,168,Fibroblast
0.5917748917748917,1.0,0.5917748917748917,0.154913730215161,0.5303030303030303,9.00658135371315,105.14273376623376,47.06619273189486,0.8369607843137254,0.5525220671409693,143.34545454545454,55.605055701784735,81.31818181818181,46.79004008589509,127.61991341991342,36.01377973399119,0.007792207792207792,0.20952380952380953,0.24069264069264068,0.24329004329004328,0.16883116883116883,0.07965367965367966,0.02987012987012987,0.020346320346320345,73.22730577907826,23.712711875371973,169,Fibroblast
0.5842592592592593,0.7129629629629629,0.8194805194805195,1.0239385146772517,1.5909090909090908,3.503224686095345,69.26123796296297,41.21644901759764,0.572556862745098,0.4452974614490833,106.73148148148148,62.357037453902784,46.78055555555556,33.05437427861277,86.73981481481482,30.58315755267321,0.31203703703703706,0.22685185185185186,0.13240740740740742,0.23055555555555557,0.09444444444444444,0.003703703703703704,0.0,0.0,37.308345483359744,13.524588185561903,170,Lymphocyte
0.5382857142857143,1.0,0.5382857142857143,0.30197757955934545,0.7142857142857143,6.450859486177279,120.41936,45.39082602429198,0.8266117647058824,0.26434886171816435,135.112,49.14425441202955,106.13142857142857,46.780507365651296,155.45371428571428,34.077573277594105,0.0,0.112,0.22857142857142856,0.23085714285714284,0.21257142857142858,0.15771428571428572,0.04342857142857143,0.014857142857142857,85.12925690021233,22.797677626253133,171,Plasma
0.5128205128205128,0.6267806267806267,0.8181818181818182,1.1398068584452765,1.1,3.320391543176798,147.24564387464386,63.58826983694461,0.8257490196078432,0.052016198594505236,169.83475783475782,61.22748242299968,131.16239316239316,68.07971997838601,170.8133903133903,50.40418619461754,0.0,0.10113960113960115,0.1866096866096866,0.16096866096866097,0.09116809116809117,0.12962962962962962,0.15527065527065528,0.1752136752136752,91.63314722222222,27.54249656758711,172,Plasma
0.7531531531531531,1.0,0.7531531531531531,0.5858948821537181,1.2162162162162162,4.631216456744221,122.18818978978977,51.140120572824415,0.7931333333333335,0.9449448499028972,152.75735735735736,48.16641555078013,101.36276276276276,55.37649945117732,149.24384384384385,42.79247358397355,0.0,0.05105105105105105,0.357957957957958,0.2618618618618619,0.11291291291291292,0.05225225225225225,0.10510510510510511,0.05885885885885886,96.27057814992025,22.194827210612935,173,Tumor
0.6956521739130435,1.0,0.6956521739130435,0.5518806033950504,0.8214285714285714,4.771801471741494,94.9896257763975,28.855550629339564,0.48383529411764714,1.0540893903725639,123.42080745341615,32.451994196017125,75.07142857142857,28.565570051534444,122.98136645962732,24.894241407916915,0.0,0.06987577639751552,0.5714285714285714,0.1972049689440994,0.11490683229813664,0.046583850931677016,0.0,0.0,78.57291294642856,11.027267084450102,174,Plasma
0.759469696969697,0.9166666666666666,0.8285123966942148,0.7680406365429093,1.0,4.0449469724552705,119.32735795454546,34.006541112028216,0.5994627450980393,1.0884005932399006,138.8465909090909,31.858784463143106,103.04545454545455,37.3423177033785,151.96969696969697,25.661310753839963,0.0,0.0,0.26325757575757575,0.44886363636363635,0.13636363636363635,0.09659090909090909,0.054924242424242424,0.0,102.87741396508727,15.16097366240783,175,Plasma
0.6938461538461539,0.9230769230769231,0.7516666666666667,0.9315307605318848,1.0416666666666667,3.6728765529144867,79.97076923076924,23.938202221919564,0.4567764705882353,0.9079293020123329,97.46615384615384,29.312054631935343,64.82,22.577931362624536,112.09692307692308,19.828840450451647,0.0,0.3446153846153846,0.41846153846153844,0.18153846153846154,0.05384615384615385,0.0015384615384615385,0.0,0.0,66.3810199556541,10.409697150686139,176,Lymphocyte
0.5614718614718615,1.0,0.5614718614718615,0.36608752469225414,0.4714285714285714,5.858851187714543,99.32973203463204,40.620814598625415,0.7452431372549019,0.4534776597076621,145.06363636363636,50.15618742050087,72.75238095238095,38.570901498189194,116.22857142857143,32.787267314602225,0.004329004329004329,0.23073593073593074,0.270995670995671,0.24891774891774893,0.1632034632034632,0.05714285714285714,0.024675324675324677,0.0,69.33424286815729,19.35038778236917,177,Fibroblast
0.4755863129565552,1.0,0.4755863129565552,0.12984563842729707,1.0,9.837647318825974,159.9021814686659,50.65724822197375,0.7310196078431371,-0.228795057917046,174.83737024221455,44.012677770632244,148.15532487504805,56.71476094878042,181.2160707420223,41.00833350967423,0.0,0.026143790849673203,0.09496347558631296,0.20607458669742407,0.16186082276047675,0.1510957324106113,0.28104575163398693,0.0788158400615148,113.1388722716249,26.433758565906395,178,Tumor
0.8391304347826087,1.0,0.8391304347826087,0.470668852213573,0.92,5.167103998427934,112.58924391304348,17.89849402584237,0.46315294117647055,1.6074405559322973,145.59521739130435,19.38058359815088,89.75565217391305,18.624185730922214,143.59391304347827,12.945550096337598,0.0,0.0,0.11652173913043479,0.7439130434782608,0.11130434782608696,0.025217391304347827,0.003043478260869565,0.0,106.3994347150259,9.402238863965556,179,Tumor
0.6783625730994152,1.0,0.6783625730994152,0.7117670855789375,1.0555555555555556,4.201805851511121,71.50129532163743,21.67959080902366,0.41571764705882364,1.042291545025981,116.02046783625731,30.94745862106882,44.578947368421055,18.767690946234442,93.3625730994152,17.174460923098646,0.0,0.4444444444444444,0.4269005847953216,0.10526315789473684,0.023391812865497075,0.0,0.0,0.0,59.38631465517241,9.874111452828993,180,Plasma
0.49559082892416223,0.9285714285714286,0.533713200379867,0.6054784195190205,1.4444444444444444,4.555705038583657,105.83885185185184,47.491159001076504,0.6957372549019607,0.10497447522631759,149.3395061728395,60.79489827439079,80.21075837742504,44.24405846725796,123.70723104056438,39.01099651311948,0.02204585537918871,0.23368606701940034,0.1948853615520282,0.18518518518518517,0.18871252204585537,0.16225749559082892,0.013227513227513227,0.0,64.11170818505337,21.48519087899884,181,Fibroblast
0.8138888888888889,0.9444444444444444,0.861764705882353,0.5379423756311253,0.5882352941176471,4.833225450916362,68.4315125,43.115283589882075,0.8258,1.8801252489662612,76.82222222222222,49.056759139632845,56.40694444444444,42.95475276506693,108.34027777777777,34.88042335259382,0.02361111111111111,0.65,0.13333333333333333,0.09027777777777778,0.04722222222222222,0.025,0.020833333333333332,0.009722222222222222,50.645392491467575,15.383376265761852,182,Lymphocyte
0.7562313060817547,1.0,0.7562313060817547,0.4281840978860058,0.576271186440678,5.417384550910671,113.13215852442671,21.173481740581504,0.45502352941176466,1.669781557620479,147.55483549351945,21.589336157942295,90.00548354935195,22.188970651761302,141.93020937188436,16.3741800813361,0.0,0.0,0.13559322033898305,0.6699900299102692,0.14506480558325024,0.043369890329012964,0.005982053838484547,0.0,103.25667831245882,8.2037622413742,183,Tumor
0.7791666666666667,0.8625,0.9033816425120773,0.8513143237115681,0.8518518518518519,3.8420230113788167,90.81847222222221,45.269263645918436,0.7647686274509805,1.294722192280024,101.91944444444445,48.23428540551054,77.7,45.98775803286011,129.2513888888889,36.903468269164215,0.0,0.325,0.3736111111111111,0.11527777777777778,0.07222222222222222,0.06388888888888888,0.041666666666666664,0.008333333333333333,69.73648841354724,18.334767335629003,184,Plasma
0.6913265306122449,0.860969387755102,0.802962962962963,1.1791850541867506,0.9259259259259259,3.264479524865439,106.81633163265306,63.7903011317097,0.8142274509803921,0.7675196942511979,116.95918367346938,66.88465449934594,94.9311224489796,65.89987651938903,141.41198979591837,49.92356309562811,0.0,0.3737244897959184,0.22959183673469388,0.08673469387755102,0.04336734693877551,0.08545918367346939,0.12755102040816327,0.05357142857142857,67.41705719557196,22.16209625249486,185,Plasma
0.6503164556962026,1.0,0.6503164556962026,0.28020715725377715,4.9375,6.696769021585496,115.1846756329114,31.221831659004305,0.5435607843137253,0.4727892845870308,136.15981012658227,35.11605666083517,98.55379746835443,31.265152551366942,145.80537974683546,23.7420893457455,0.0,0.023734177215189875,0.2903481012658228,0.37895569620253167,0.19462025316455697,0.10996835443037975,0.0023734177215189874,0.0,96.43460948905111,16.93585411919127,186,Fibroblast
0.6029629629629629,0.8859259259259259,0.6806020066889632,1.0742518042520866,1.1304347826086956,3.4202030199666065,114.61218962962961,67.67261169316883,0.8554745098039214,0.5319486560023993,126.8162962962963,67.76140298452155,102.93185185185185,70.55503620300738,142.74666666666667,56.15950406027725,0.013333333333333334,0.3674074074074074,0.1362962962962963,0.0874074074074074,0.10222222222222223,0.11407407407407408,0.06666666666666667,0.11259259259259259,65.22909336609337,24.38519615815859,187,Lymphocyte
0.546875,1.0,0.546875,0.10138669003628012,0.84375,11.133057690723316,123.26330671296294,41.57300598428865,0.7182509803921568,0.3174602865299321,142.10677083333334,39.64095806117289,107.33651620370371,45.419761718109335,155.84953703703704,35.01272817197947,0.0,0.06076388888888889,0.24623842592592593,0.25318287037037035,0.22858796296296297,0.14380787037037038,0.06452546296296297,0.0028935185185185184,91.34659417989418,20.0527441956601,188,Tumor
0.6711111111111111,0.9629629629629629,0.696923076923077,0.5692565888304706,1.04,4.698409857349396,50.54181333333334,20.197497181672635,0.5043803921568628,1.310929854094009,80.26814814814814,32.18701061183222,30.096296296296295,15.499712816490828,77.85185185185185,17.077825570027183,0.14962962962962964,0.642962962962963,0.1748148148148148,0.028148148148148148,0.0044444444444444444,0.0,0.0,0.0,39.133810154525385,8.443981234309529,189,Plasma
0.6306306306306306,0.9333333333333333,0.6756756756756757,0.5311230183583758,0.3783783783783784,4.864154602806123,134.11905405405406,69.00314068792143,0.7760745098039216,0.41984544305290183,142.56936936936938,68.90453088933835,124.17117117117117,73.80720854878264,163.17837837837837,48.60681264193509,0.0,0.16576576576576577,0.2774774774774775,0.12432432432432433,0.08288288288288288,0.05225225225225225,0.06486486486486487,0.23243243243243245,85.37545714285714,26.786875853503712,190,Fibroblast
0.6819968553459119,1.0,0.6819968553459119,0.29040776034835586,1.1041666666666667,6.578105330612608,107.38421737421382,21.308310340538675,0.4090509803921568,0.8658174072880652,140.66784591194968,24.03023457359065,84.562893081761,21.262953294992833,137.59748427672955,16.439471405316862,0.0,0.0,0.3671383647798742,0.4583333333333333,0.15172955974842767,0.02279874213836478,0.0,0.0,95.150660518732,9.641263420055306,191,Tumor
0.6711805555555556,1.0,0.6711805555555556,0.27353266066344173,1.25,6.777980843476691,94.8200701388889,22.627521212224373,0.47930196078431364,0.9586283118029915,125.03263888888888,26.388634784960804,73.21597222222222,21.8733861728333,126.82048611111111,18.445416768500948,0.0,0.03819444444444445,0.5430555555555555,0.32916666666666666,0.07291666666666667,0.016666666666666666,0.0,0.0,82.25001655457838,11.235663889946053,192,Tumor
0.6237006237006237,1.0,0.6237006237006237,0.24928328931480206,1.054054054054054,7.1,133.6848018018018,57.81995046615008,0.8337019607843137,0.24093009103922175,169.65765765765767,58.09972359156039,112.43866943866944,62.17530110971781,148.73388773388774,45.52985063999156,0.005544005544005544,0.11850311850311851,0.17255717255717257,0.21136521136521136,0.17325017325017325,0.0990990990990991,0.11781011781011781,0.10187110187110188,95.31537777777777,30.746889680738537,193,Fibroblast
0.4838112858464385,1.0,0.4838112858464385,0.4206215572038302,0.48936170212765956,5.465868368082826,71.12078445883441,13.648234017324542,0.252513725490196,0.17664452607239933,126.73265494912118,28.42839548777814,40.703052728954674,8.757060316650165,81.88621646623497,5.67962134616768,0.0,0.35707678075855687,0.61054579093432,0.032377428307123035,0.0,0.0,0.0,0.0,59.07316443594646,6.256511873698736,194,Fibroblast
0.7450592885375494,0.8300395256916996,0.8976190476190476,0.7786853585820854,1.05,4.017204380471917,77.18982806324111,44.05728264035647,0.6914980392156862,1.0600112420548693,81.76877470355731,42.24743476648554,66.32806324110672,45.33314411705306,121.1086956521739,47.96534119555689,0.041501976284584984,0.5177865612648221,0.17984189723320157,0.08695652173913043,0.09090909090909091,0.08102766798418973,0.001976284584980237,0.0,54.14230769230769,17.143842912694332,195,Plasma
0.5259259259259259,0.774074074074074,0.6794258373205742,0.9011107825976531,1.7272727272727273,3.7343570444202667,120.23714537037037,44.089750690622814,0.6198666666666666,0.23383651083264492,141.025,47.04800862672873,104.10185185185185,45.15685416470158,148.79722222222222,33.193408979665804,0.0,0.08518518518518518,0.2935185185185185,0.19166666666666668,0.1824074074074074,0.18888888888888888,0.058333333333333334,0.0,83.11469190140845,17.862309938722277,196,Lymphocyte
0.577391304347826,0.8034782608695652,0.7186147186147186,0.9022567136607366,1.0476190476190477,3.731984839649472,89.13240173913043,31.59910095617604,0.4752274509803922,0.4513424652615783,129.99826086956523,44.62377993968978,63.794782608695655,27.62997063202663,112.41565217391305,21.739791572555323,0.0,0.2573913043478261,0.3634782608695652,0.22260869565217392,0.1565217391304348,0.0,0.0,0.0,65.73938253012048,13.2357379706523,197,Plasma
0.7170868347338936,0.8823529411764706,0.8126984126984127,0.6855966492143317,0.7142857142857143,4.28125,93.2199824929972,36.60780242123854,0.6023411764705882,0.7547763018040665,125.40826330532212,43.06861328072995,70.5798319327731,34.9910942967464,125.37324929971989,30.42302195364871,0.0,0.23599439775910364,0.39355742296918766,0.17577030812324929,0.11974789915966387,0.07492997198879552,0.0,0.0,73.5875185546875,17.69472026485892,198,Tumor
0.6488095238095238,1.0,0.6488095238095238,0.4805874819403183,1.3125,5.113505234163402,104.2196793154762,36.608091554843256,0.6312745098039215,0.7948458853968358,126.80729166666667,41.66575375674022,86.27232142857143,36.10614240833503,137.38988095238096,27.756832363275365,0.0,0.11086309523809523,0.3943452380952381,0.2544642857142857,0.14285714285714285,0.07217261904761904,0.025297619047619048,0.0,81.77004128440366,16.449836506622972,199,Plasma
0.6099365750528541,0.8657505285412262,0.7045177045177046,0.7398016370253283,1.8571428571428572,4.121423926505952,101.0183329809725,53.78422423625423,0.7728274509803922,0.6447100825585173,113.08879492600423,57.8897448555074,87.43023255813954,54.38345468131719,139.32663847780128,44.02790856095672,0.0010570824524312897,0.38372093023255816,0.18604651162790697,0.11945031712473574,0.10253699788583509,0.12790697674418605,0.07505285412262157,0.004228329809725159,62.347871750433264,17.42140283599018,200,Lymphocyte
0.7828947368421053,0.875,0.8947368421052632,1.029888500763596,1.105263157894737,3.4930904185647567,88.99524342105263,42.15890059305234,0.6273372549019608,1.275110302440627,105.61842105263158,44.009658162067254,73.51973684210526,42.432501155561326,125.08114035087719,37.71412544854676,0.0,0.3399122807017544,0.3684210526315789,0.09868421052631579,0.07456140350877193,0.08991228070175439,0.02850877192982456,0.0,68.96279271708684,15.894890564690163,201,Plasma
0.5714285714285714,0.7040816326530612,0.8115942028985508,1.1167891361303133,1.0434782608695652,3.3544346979568913,105.82429464285714,52.04023604094839,0.7070352941176471,0.43728847848144115,117.02678571428571,50.96913378557694,93.38775510204081,54.564020187684726,140.4795918367347,46.15117231399276,0.0,0.30612244897959184,0.22448979591836735,0.09183673469387756,0.16964285714285715,0.14158163265306123,0.0663265306122449,0.0,64.93852455357143,17.491788895699564,202,Plasma
0.7059907834101382,0.9714285714285714,0.7267552182163188,0.943617281697787,0.9117647058823529,3.649278336326117,97.52064239631336,61.61771019102026,0.8494941176470587,0.964171910025843,108.31797235023042,63.785277034716636,85.00460829493088,63.86748216661425,133.6479262672811,49.93106314838693,0.02304147465437788,0.4202764976958525,0.19723502304147467,0.0792626728110599,0.0792626728110599,0.06820276497695853,0.08571428571428572,0.047004608294930875,61.48083550913838,20.809790102027367,203,Plasma
0.6235119047619048,0.8125,0.7673992673992674,1.13869145489111,0.8076923076923077,3.3220173874730143,107.68818601190478,34.75389583252957,0.513478431372549,0.46950513734532384,131.1279761904762,37.842621199350454,89.30208333333333,34.924188240117346,140.88244047619048,27.45038036420104,0.0,0.05654761904761905,0.41369047619047616,0.22767857142857142,0.20684523809523808,0.09523809523809523,0.0,0.0,83.88018138424822,15.269759093977289,204,Plasma
0.6566193853427896,0.9574468085106383,0.6858024691358025,0.14527822843447494,0.8,9.300465034877908,114.79332860520093,29.083756231082667,0.6442901960784313,0.7124386402307383,135.38238770685578,30.29033655906622,97.43794326241135,30.5773684836044,150.15721040189126,25.015978133147122,0.0,0.018321513002364065,0.25236406619385343,0.458628841607565,0.19858156028368795,0.054373522458628844,0.01773049645390071,0.0,98.20843204320433,15.685105087340581,205,Tumor
0.7837301587301587,0.9166666666666666,0.854978354978355,0.5864504244650134,0.9545454545454546,4.629022369924974,89.91941666666666,20.879773158532775,0.38952549019607835,1.052815512621265,125.36507936507937,27.907543832653545,66.64682539682539,18.484610443696887,116.78571428571429,18.571657507746423,0.0,0.04563492063492063,0.6706349206349206,0.21031746031746032,0.07341269841269842,0.0,0.0,0.0,80.91273924050633,10.806490146267267,206,Plasma
0.5568627450980392,1.0,0.5568627450980392,0.49567350756638956,0.8823529411764706,5.035088149780134,106.75624183006536,37.69685415757193,0.6220470588235294,0.29676265328579665,148.17995642701524,47.71839452032339,81.3847494553377,35.38414933980324,128.75076252723312,27.08179682853642,0.0,0.13202614379084968,0.3272331154684096,0.20958605664488017,0.22919389978213509,0.09760348583877995,0.004357298474945534,0.0,77.44987323943661,16.894812303888397,207,Fibroblast
0.808641975308642,1.0,0.808641975308642,0.8779704269232276,1.5,3.7832495422898873,78.37909670781892,31.1466880909989,0.5809411764705882,1.4311462998475508,98.22427983539094,34.67712785825585,61.39506172839506,30.650228691208003,113.78189300411523,26.270235416617776,0.0,0.3950617283950617,0.4094650205761317,0.09876543209876543,0.06995884773662552,0.026748971193415638,0.0,0.0,65.50740458015267,13.910393487562045,208,Plasma
0.6130544536602958,1.0,0.6130544536602958,0.10934885672084207,0.7966101694915254,10.720074626605918,134.73579733141,40.22527277694759,0.7225058823529412,0.27720595876628634,151.68012982329606,35.81179152519788,120.08907320591418,44.59497172772253,165.71186440677965,33.90047576894204,0.0,0.03606202668589975,0.12297151099891813,0.3148214929679048,0.2701045798773891,0.15218175261449693,0.09195816804904436,0.011900468806346917,108.75140117647058,22.728579631592595,209,Tumor
0.37781954887218044,0.6109022556390977,0.6184615384615385,0.8054338308310567,0.52,3.94993544880815,161.7182857142857,73.71428200637486,0.8131999999999998,-0.5263105650785589,166.02443609022558,73.01671816920287,154.8139097744361,77.63979118299602,185.97556390977442,60.21997087012995,0.0018796992481203006,0.18233082706766918,0.10150375939849623,0.06390977443609022,0.06390977443609022,0.06954887218045112,0.19548872180451127,0.32142857142857145,73.33220398009951,30.78313673873741,210,Fibroblast
0.3467741935483871,0.5161290322580645,0.671875,0.6484247237009333,3.0,4.402254531628119,151.83342204301076,37.16808159306098,0.6247215686274511,-0.624966074165791,170.80645161290323,42.07494799401743,138.14247311827958,37.66824084128743,172.56720430107526,28.288990596312573,0.0,0.008064516129032258,0.10215053763440861,0.18548387096774194,0.14516129032258066,0.47043010752688175,0.08870967741935484,0.0,106.5064418604651,20.158939977248547,211,Fibroblast
0.7253240279162513,1.0,0.7253240279162513,0.22510396114364536,0.576271186440678,7.471595697576337,90.60285244267197,26.674802651447685,0.5611960784313726,0.8389539238070399,133.13659022931208,30.78953233218848,64.51146560319043,26.454114191795302,113.39282153539382,25.675912270109272,0.0,0.1415752741774676,0.5259222333000997,0.21734795613160518,0.1036889332003988,0.011465603190428714,0.0,0.0,77.0638762886598,13.525481582795901,212,Tumor
0.7096029547553093,0.9824561403508771,0.7222744360902256,0.2970320897234917,1.4736842105263157,6.5043401755338035,84.65972899353648,25.630002215669364,0.5172078431372548,0.7319008838933321,135.61265004616806,37.434966775506254,55.533702677747,21.83025507862943,100.99353647276085,18.9685543045758,0.0004616805170821791,0.22622345337026778,0.5046168051708217,0.18051708217913204,0.08587257617728532,0.0023084025854108957,0.0,0.0,71.22151854261547,13.446058752574965,213,Fibroblast
0.652,1.0,0.652,0.6667703158009587,0.8333333333333334,4.341270063802892,93.45288000000001,45.658870238632346,0.8320235294117647,0.7931614478608884,110.62666666666667,55.96455386125122,77.85333333333334,44.28055806132328,128.73333333333332,31.797330426031397,0.006666666666666667,0.34,0.26266666666666666,0.14,0.13866666666666666,0.08533333333333333,0.018666666666666668,0.008,64.36211247443764,18.198319034870114,214,Plasma
0.6341991341991342,0.7727272727272727,0.8207282913165266,1.133255337029005,0.8095238095238095,3.32997555567082,104.73709740259739,63.33381936908427,0.8163686274509804,0.6155199301904356,113.25974025974025,60.96043765623648,93.72077922077922,66.91085658095511,139.1082251082251,55.46409057762514,0.012987012987012988,0.3852813852813853,0.15367965367965367,0.11038961038961038,0.08874458874458875,0.10173160173160173,0.10606060606060606,0.04112554112554113,61.51322866894197,23.719348709013754,215,Lymphocyte
0.7010752688172043,0.9333333333333333,0.7511520737327189,0.5290078538586118,0.45161290322580644,4.87386922547106,139.9096322580645,41.9245537961679,0.7189921568627452,0.6774760051418405,162.79677419354837,37.10469915349796,123.13548387096775,46.84461765518524,166.2532258064516,32.624795394613734,0.0,0.003763440860215054,0.12311827956989248,0.3419354838709677,0.2629032258064516,0.12795698924731183,0.08548387096774193,0.054838709677419356,116.97736963190184,21.203017850983834,216,Fibroblast
0.6424682395644283,0.7840290381125227,0.8194444444444444,1.0528982715936444,1.6875,3.4547110224427704,79.21037568058077,56.8256089700668,0.736078431372549,0.6172103122019407,101.01814882032667,68.41195566478018,63.12885662431942,52.50660404716392,104.81851179673322,53.09782519325524,0.2958257713248639,0.23411978221415608,0.11796733212341198,0.09618874773139746,0.1161524500907441,0.12885662431941924,0.010889292196007259,0.0,40.928299435028244,21.289287788270595,217,Lymphocyte
0.7155612244897959,0.9285714285714286,0.7706043956043956,1.023331966127957,1.0769230769230769,3.5042627466422176,93.38216709183675,41.44025203046376,0.5842470588235295,0.9305985906802452,110.16454081632654,43.53358682008414,78.42602040816327,42.368158486658395,126.37627551020408,35.0125706056252,0.0,0.3163265306122449,0.3252551020408163,0.14030612244897958,0.10076530612244898,0.1096938775510204,0.007653061224489796,0.0,70.18408377896613,16.382073922053745,218,Lymphocyte
0.63919259882254,1.0,0.63919259882254,0.09602487147251072,1.4146341463414633,11.43965862574947,124.25352186711523,31.405136333743677,0.7589333333333332,0.814066614059729,143.70857863751053,30.82668830641788,107.7098402018503,34.64044431823698,158.4121110176619,24.64735412303033,0.0,0.0054667788057190915,0.16526492851135408,0.4314550042052145,0.2670311185870479,0.10176619007569386,0.018502943650126155,0.010513036164844407,105.23500657894736,15.479648557098203,219,Tumor
0.5026004728132387,1.0,0.5026004728132387,0.15454269011828176,1.0444444444444445,9.017386780336642,131.14632860520095,25.355539584443076,0.5453372549019607,0.5084670750491244,159.7148936170213,24.937833636899676,110.94089834515367,27.402434813504115,160.25673758865247,20.73746271949033,0.0,0.0,0.08652482269503546,0.37446808510638296,0.44113475177304967,0.06713947990543735,0.030732860520094562,0.0,111.41112982126059,13.195778687176636,220,Tumor
0.698005698005698,1.0,0.698005698005698,0.2057376324312872,1.0384615384615385,7.815343360130424,99.06662535612537,12.057608628271877,0.23664313725490194,0.73803962798712,126.21225071225071,11.233178284194274,78.3931623931624,13.662470023764612,134.3190883190883,12.502451281957743,0.0,0.0,0.47293447293447294,0.5042735042735043,0.022792022792022793,0.0,0.0,0.0,92.52795918367346,6.0945810033584165,221,Tumor
0.7156521739130435,0.92,0.777882797731569,0.6026527018016199,2.0,4.566372942161161,136.97512782608695,23.973276052235832,0.49083137254901965,1.06996768387199,166.38695652173914,23.679248011484955,117.14086956521739,25.659224616880152,161.96260869565216,19.16335706665907,0.0,0.0,0.0026086956521739132,0.4434782608695652,0.39304347826086955,0.11217391304347826,0.04869565217391304,0.0,124.40695139732685,10.592147441233804,222,Fibroblast
0.7250830564784053,1.0,0.7250830564784053,0.4007028105170414,0.32558139534883723,5.600073637218357,77.72358513289036,32.16789944182549,0.5852901960784312,0.8695365665752467,117.60755813953489,47.5842064520558,52.708471760797345,26.838907791090115,101.92151162790698,23.326319436333673,0.01079734219269103,0.436046511627907,0.30523255813953487,0.13704318936877077,0.10257475083056479,0.008305647840531562,0.0,0.0,60.65547308132876,14.791449003330216,223,Fibroblast
0.5835777126099707,0.9393939393939394,0.6212278876170656,0.48791124198571967,1.0,5.07498215623436,101.55197556207234,34.531840425630676,0.6159137254901962,0.4497947547996002,125.13978494623656,40.969495014612804,83.79960899315738,33.22461135146816,131.0948191593353,27.627528922988418,0.0,0.14858260019550343,0.34017595307917886,0.26588465298142716,0.18377321603128055,0.05767350928641251,0.0039100684261974585,0.0,76.73907202680066,15.950264573237842,224,Plasma
0.41287284144427,0.7770800627943485,0.5313131313131313,0.635324004532192,2.0454545454545454,4.447411346008863,156.98724018838303,59.93035528973811,0.7376196078431371,-0.33213104148594735,168.2048665620094,58.53453360767661,146.54552590266877,64.00281991615293,181.33124018838305,45.87278683414951,0.0,0.065149136577708,0.1891679748822606,0.11538461538461539,0.07692307692307693,0.11381475667189953,0.35086342229199374,0.08869701726844584,90.9067908745247,24.124767610575056,225,Fibroblast
0.7342657342657343,1.0,0.7342657342657343,0.5148812101356841,1.2692307692307692,4.940278251915494,105.45481585081583,27.045277821619923,0.6361254901960783,1.0880414055927454,128.03962703962705,30.749090851696558,87.27738927738928,27.354360722319665,139.8170163170163,20.27176293393392,0.0,0.02564102564102564,0.3881118881118881,0.4358974358974359,0.0979020979020979,0.04079254079254079,0.011655011655011656,0.0,92.85205873015873,14.103208773061212,226,Plasma
0.6491579791499599,0.9069767441860465,0.715738284703802,0.2117060772595994,1.4871794871794872,7.704390187778282,127.43251844426624,33.89332722480256,0.6628666666666666,0.5130952986254304,140.61347233360064,35.51102129271475,113.88331996792301,35.839832632026706,162.62790697674419,25.855643744103148,0.0,0.00400962309542903,0.16800320769847635,0.4117882919005613,0.21331194867682438,0.1615878107457899,0.040096230954290296,0.0012028869286287089,106.21404570722669,16.499784658160504,227,Tumor
0.6095238095238096,0.9047619047619048,0.6736842105263158,0.4091938195415729,3.8,5.541666666666667,127.76468148148147,42.53920298777416,0.6548431372549021,0.7778228526442015,152.05820105820106,43.563173114343535,110.3079365079365,44.903722880694794,153.93439153439152,30.83257283103524,0.0,0.0,0.30158730158730157,0.2656084656084656,0.23809523809523808,0.07301587301587302,0.09947089947089947,0.022222222222222223,99.15573611111111,17.07703822032027,228,Fibroblast
0.6700715015321757,1.0,0.6700715015321757,0.5781774974413736,1.6181818181818182,4.662022224261935,98.51078406537283,41.4041487551953,0.7968980392156862,0.8495137978327268,144.63636363636363,48.77198564455325,71.38038815117467,40.49516728568875,117.23003064351379,33.608893302038744,0.00020429009193054137,0.2212461695607763,0.3738508682328907,0.1511746680286006,0.16016343207354444,0.060674157303370786,0.030643513789581207,0.0020429009193054137,73.52092530487805,17.389839451185804,229,Fibroblast
0.6325,0.90625,0.6979310344827586,0.38210345116674127,0.8620689655172413,5.734749495719593,100.80392249999998,20.042833293511517,0.4470039215686274,0.7287490399519834,127.12375,21.114235386049387,80.58875,21.10621054186421,135.8625,18.092362857017875,0.0,0.01125,0.5,0.3775,0.1025,0.00875,0.0,0.0,88.13967786561264,9.255450072495167,230,Tumor
0.5962732919254659,0.9565217391304348,0.6233766233766234,0.2174818061976709,0.9545454545454546,7.601397897755387,89.72706832298137,15.530270064585993,0.3969647058823529,0.1303124409841804,124.62111801242236,23.631735715167835,66.50931677018633,13.309557586023718,117.75776397515529,14.49185238250733,0.0,0.035196687370600416,0.6749482401656315,0.2712215320910973,0.018633540372670808,0.0,0.0,0.0,80.20178819444443,10.072796461895638,231,Plasma
0.742003367003367,1.0,0.742003367003367,0.626825243127977,0.8148148148148148,4.4774597773576845,81.94746801346801,28.466977664745837,0.5976901960784312,1.2607443430817633,109.51304713804714,34.71977524027412,61.246212121212125,26.68488145204859,116.24158249158249,23.5119545820872,0.0,0.33796296296296297,0.414983164983165,0.15824915824915825,0.06565656565656566,0.022306397306397305,0.0008417508417508417,0.0,67.86288315371526,12.255317934400734,232,Tumor
0.5529715762273901,1.0,0.5529715762273901,0.10372954649821486,0.6825396825396826,11.00661289270348,73.53113399778516,21.03964085339159,0.4789098039215686,0.28455878166445275,108.12993724621631,31.75509749768121,50.27759320782577,17.828054195359055,102.5204872646733,16.21480614554775,0.004429678848283499,0.36803248431155405,0.4603174603174603,0.16315983757844224,0.004060538944259874,0.0,0.0,0.0,57.63162416555407,10.556539337774955,233,Tumor
0.6245791245791246,0.8787878787878788,0.710727969348659,0.8298546632123982,1.2413793103448276,3.8913824205360674,59.24817087542088,24.20618768394764,0.4781058823529411,0.8459779560251242,96.27356902356902,39.595684836007585,36.08080808080808,18.255810440383655,81.42929292929293,18.762135480346565,0.10606060606060606,0.5185185185185185,0.29208754208754206,0.07323232323232323,0.010101010101010102,0.0,0.0,0.0,44.03658625336927,11.260358770190049,234,Plasma
0.7197231833910035,0.8858131487889274,0.8125,1.1832526427282517,1.0,3.258863652823221,64.53543944636678,34.640233667570875,0.7258431372549019,1.4951422507801375,83.06920415224913,41.86800051161596,48.826989619377166,32.48429748323228,96.80968858131487,32.082319122049746,0.10034602076124567,0.5397923875432526,0.18685121107266436,0.11072664359861592,0.04498269896193772,0.010380622837370242,0.006920415224913495,0.0,46.53760096153846,13.0511492556653,235,Lymphocyte
0.547911547911548,0.7338247338247338,0.7466517857142857,1.0613435097849118,1.1428571428571428,3.440938794970413,100.02089680589681,41.63952089320187,0.619835294117647,0.18987083886657513,119.81736281736282,49.53560150506594,83.04995904995906,39.6403565126966,135.4840294840295,34.48962073184936,0.0,0.266994266994267,0.2497952497952498,0.12776412776412777,0.28173628173628174,0.07371007371007371,0.0,0.0,65.73867563527654,17.099194544034162,236,Lymphocyte
0.6469565217391304,0.7669565217391304,0.8435374149659864,1.1064354718441685,1.0,3.370093007873882,72.11927999999999,57.75918108759356,0.8029450980392157,0.8407327178383623,93.16347826086957,72.30239196287958,56.450434782608696,53.019411332754665,97.60521739130435,50.78338284103205,0.40695652173913044,0.17043478260869566,0.09739130434782609,0.10782608695652174,0.11130434782608696,0.059130434782608696,0.04695652173913043,0.0,33.87138709677419,18.5450020229967,237,Lymphocyte
0.6102240896358544,1.0,0.6102240896358544,0.1486004216777978,1.9833333333333334,9.195914211834303,91.34084481792716,33.75737697650962,0.7886156862745098,1.1869340357614815,138.39775910364145,42.2882306175122,63.63389355742297,32.595464184460305,110.58613445378151,26.67234015446068,0.0011204481792717086,0.20938375350140057,0.3887955182072829,0.2841736694677871,0.0742296918767507,0.02338935574229692,0.017086834733893556,0.0018207282913165266,70.48625154923113,15.271435774305735,238,Fibroblast
0.5575396825396826,0.7857142857142857,0.7095959595959596,1.0868421491643359,0.8181818181818182,3.4003349217497933,116.15048214285714,83.13137360219531,0.9217372549019608,0.26846397708373687,119.02777777777777,83.1398660308829,109.35912698412699,86.41272317328028,143.5734126984127,71.80434289229837,0.1884920634920635,0.25595238095238093,0.061507936507936505,0.057539682539682536,0.051587301587301584,0.06944444444444445,0.15476190476190477,0.16071428571428573,46.50065480427046,25.174495442718023,239,Lymphocyte
0.9060232220609579,1.0,0.9060232220609579,0.6725443120725063,1.0192307692307692,4.3225943351352525,110.14766110304791,17.98852592259111,0.4718588235294119,1.865983922340712,145.29281567489116,19.156568804366955,86.48367198838896,18.385430209573617,139.8174891146589,14.80572297737205,0.0,0.0,0.18105950653120464,0.7216981132075472,0.06785195936139332,0.023222060957910014,0.006168359941944848,0.0,105.72606247496996,10.514625286237905,240,Tumor
0.5419896640826873,0.7209302325581395,0.7517921146953405,1.075725430613952,1.1612903225806452,3.4178595648106405,120.75956330749354,48.489788920301535,0.6357686274509804,0.17833794373143727,145.68669250645993,51.458376382404445,102.73449612403101,49.44222398780018,148.19379844961242,38.39334584883716,0.0,0.14082687338501293,0.2719638242894057,0.1434108527131783,0.1421188630490956,0.2351421188630491,0.0665374677002584,0.0,80.31442908224076,19.336710621225706,241,Lymphocyte
0.8799019607843137,1.0,0.8799019607843137,0.9756330126632662,0.7083333333333334,3.588902734990965,81.21291666666667,38.91897228528851,0.7572627450980393,2.0099192934825116,105.72303921568627,42.19944775424399,62.8014705882353,40.125444201244356,111.73039215686275,31.881764685381768,0.0,0.40441176470588236,0.40441176470588236,0.09558823529411764,0.031862745098039214,0.022058823529411766,0.0392156862745098,0.0024509803921568627,69.09393593314763,17.808255213154446,242,Plasma
0.52834008097166,0.9615384615384616,0.5494736842105263,1.0842389191232211,0.76,3.404414533245951,121.8263886639676,66.44390876328451,0.8777607843137254,0.28564219927891366,133.79757085020242,69.86849644667232,109.61943319838056,68.26256840928696,153.2834008097166,53.08267030218244,0.004048582995951417,0.3340080971659919,0.10728744939271255,0.08906882591093117,0.10931174089068826,0.17408906882591094,0.09109311740890688,0.09109311740890688,65.20859003831417,23.665105608798992,243,Lymphocyte
0.8050397877984085,1.0,0.8050397877984085,0.7189920786988423,1.1153846153846154,4.180641036111225,92.34499336870026,27.958004396300595,0.669905882352941,1.9114030238156368,113.4920424403183,30.96979045395891,74.59681697612731,28.569693100795888,128.26790450928382,22.826292581351208,0.0,0.05702917771883289,0.6525198938992043,0.1870026525198939,0.07029177718832891,0.01856763925729443,0.011936339522546418,0.002652519893899204,81.02482372322899,11.534576903363293,244,Plasma
0.5638297872340425,0.8936170212765957,0.6309523809523809,0.6204812155736582,0.8571428571428571,4.500291162255324,114.11104314420804,39.64407706643054,0.781478431372549,0.6136712990318706,146.95271867612294,41.67704989416439,91.67434988179669,40.63879383413905,143.50295508274232,32.33080147673432,0.0,0.08096926713947991,0.31382978723404253,0.24881796690307328,0.23877068557919623,0.07092198581560284,0.03959810874704492,0.0070921985815602835,85.16308805031444,17.96182857172526,245,Tumor
0.6666666666666666,0.8530465949820788,0.7815126050420168,1.0809781173642299,1.2142857142857142,3.4095454242464642,62.47749910394265,32.44100747887806,0.5404627450980393,0.7682679355485035,100.3763440860215,50.4169704557085,38.979390681003586,25.315084789672348,84.07078853046595,25.29973379706973,0.13261648745519714,0.4946236559139785,0.16218637992831542,0.17652329749103943,0.034050179211469536,0.0,0.0,0.0,41.86008333333333,11.838419245049153,246,Lymphocyte
0.7025,0.85,0.8264705882352941,1.0144068206362906,0.85,3.519644919004172,104.98456999999999,56.46287220745239,0.7687568627450981,0.9266874920571122,119.585,55.66275931895579,90.455,59.36221841373518,141.505,47.3575756875286,0.0,0.3275,0.25,0.13,0.0925,0.0775,0.075,0.0475,72.23268683274021,21.251862052848782,247,Lymphocyte
0.6928879310344828,0.9310344827586207,0.7442129629629629,0.7616341130203552,0.84375,4.06192348463426,64.09147521551724,33.54320707529227,0.6034392156862745,1.0427789100995075,95.63793103448276,44.343320950970295,43.26831896551724,29.189411692131507,88.57219827586206,31.463497643470706,0.10344827586206896,0.5334051724137931,0.14870689655172414,0.15625,0.04849137931034483,0.009698275862068966,0.0,0.0,44.51372628304821,12.420505791800345,248,Lymphocyte
0.61,0.8,0.7625,1.0300303782261617,0.64,3.4928498393145966,94.287376,50.73432196872866,0.6283529411764707,0.49551515632036935,104.892,53.67103814907999,81.884,50.48154656901866,130.34,48.316212599913094,0.0,0.422,0.154,0.126,0.12,0.168,0.01,0.0,57.5969868852459,18.93413751791639,249,Lymphocyte
0.6385118149824032,1.0,0.6385118149824032,0.15881629511922846,0.7647058823529411,8.895234502271073,77.56101055806937,21.705765925663563,0.5612941176470588,0.8811472558201396,114.52589240824535,29.93488758105137,53.205630970336856,18.98215532231016,106.01809954751131,17.742832887165598,0.0005027652086475615,0.28205128205128205,0.5455002513826043,0.14429361488185016,0.02513826043237808,0.002513826043237808,0.0,0.0,64.76479370078741,11.117938527264094,250,Fibroblast
0.6824712643678161,0.9583333333333334,0.712143928035982,0.551870011263,1.2608695652173914,4.771847264507684,103.6532025862069,53.14770339301384,0.8387960784313727,0.609571162691371,117.35488505747126,60.526584633535876,89.88218390804597,52.77626190360494,138.625,39.6629681398993,0.01293103448275862,0.2744252873563218,0.2514367816091954,0.1724137931034483,0.08908045977011494,0.10632183908045977,0.08620689655172414,0.007183908045977011,72.17170736842105,25.12140621610117,251,Plasma
0.5876068376068376,1.0,0.5876068376068376,0.3382950817359202,1.1555555555555554,6.094766756667709,153.1003982905983,44.039034555191265,0.755007843137255,0.35231662449585904,177.32606837606838,42.135750345661414,136.28333333333333,48.16190265678223,176.1542735042735,33.206806706633074,0.0,0.003418803418803419,0.07692307692307693,0.2329059829059829,0.2829059829059829,0.21153846153846154,0.10170940170940171,0.0905982905982906,122.71425818181817,23.033519656603943,252,Fibroblast
0.7113095238095238,0.8333333333333334,0.8535714285714285,0.8627872958436776,1.4285714285714286,3.81639274138359,85.32001488095239,40.86377996884332,0.6471450980392156,1.0332898125198864,97.99107142857143,45.724295837163226,71.60119047619048,40.91900243759039,122.72619047619048,36.16417629909867,0.005952380952380952,0.39285714285714285,0.28869047619047616,0.14583333333333334,0.07738095238095238,0.08035714285714286,0.008928571428571428,0.0,62.80593723849372,16.33375823129521,253,Lymphocyte
0.5652173913043478,0.9710144927536232,0.582089552238806,0.5445289758905164,0.6567164179104478,4.803905268373412,102.09538735177867,23.239141691610268,0.4460588235294118,0.3609969541743024,130.7671277997365,27.571002836600172,81.09650856389987,22.571148838248913,135.02075098814228,18.214120366550492,0.0,0.012845849802371542,0.46805006587615283,0.34749670619235834,0.1686429512516469,0.0029644268774703555,0.0,0.0,84.45013344988345,10.305596538721298,254,Tumor
0.60546875,0.849609375,0.7126436781609196,0.8453938564347534,0.9666666666666667,3.8554527787319945,101.09977246093749,37.59723608195072,0.5090901960784313,0.46147233996862996,126.7783203125,44.84564106107359,82.11328125,36.24378798302405,131.513671875,28.496844133690207,0.0,0.2197265625,0.3037109375,0.203125,0.1806640625,0.0927734375,0.0,0.0,74.27778548387097,15.765074722538063,255,Plasma
0.5886752136752137,1.0,0.5886752136752137,0.5936274184252318,0.6153846153846154,4.600954686696894,69.01988782051282,22.182466049027592,0.39719215686274506,0.5230310436374759,107.38675213675214,34.27870928089628,44.417735042735046,17.684668670378862,95.07051282051282,16.67196538058861,0.008547008547008548,0.49893162393162394,0.33974358974358976,0.1527777777777778,0.0,0.0,0.0,0.0,52.967834845735034,9.18238139165031,256,Tumor
0.5692307692307692,0.7333333333333333,0.7762237762237763,0.7907410080464106,0.8461538461538461,3.986463582160496,118.60427692307692,52.210875523088255,0.6625843137254902,0.3801436873279808,127.27692307692308,52.95847653290633,107.33846153846154,54.349942162046055,153.86666666666667,41.61524211233639,0.0,0.17435897435897435,0.2717948717948718,0.15384615384615385,0.12307692307692308,0.11282051282051282,0.1641025641025641,0.0,78.48251351351351,20.865954370249852,257,Lymphocyte
0.7766272189349113,0.8846153846153846,0.8779264214046822,0.871626974836645,0.8846153846153846,3.7969912901062677,96.33579437869822,52.58874907994598,0.7242313725490196,1.3530352944038224,109.02218934911242,51.65384138781929,82.96153846153847,55.847253114843284,131.92751479289942,41.7664938936337,0.0,0.33136094674556216,0.3757396449704142,0.0695266272189349,0.0621301775147929,0.05325443786982249,0.08579881656804733,0.022189349112426034,70.4316,16.392008750491517,258,Plasma
0.5389676113360324,1.0,0.5389676113360324,0.1221528162785345,0.7307692307692307,10.142690885744072,127.70862246963561,39.47416227075524,0.6789686274509804,0.35698046184461313,145.1756072874494,38.37207349660392,112.44686234817814,43.14295991416376,160.48076923076923,30.528204829248367,0.0,0.011133603238866396,0.24746963562753035,0.2717611336032389,0.2444331983805668,0.1584008097165992,0.06174089068825911,0.005060728744939271,96.69013990610328,17.94004932203755,259,Tumor
0.8059964726631393,1.0,0.8059964726631393,0.6499356463062632,0.7777777777777778,4.397134535414887,54.89798059964727,35.44685421959019,0.6565372549019607,1.6464867128089715,80.77777777777777,47.49606871320906,36.119929453262785,30.819719425432726,83.71075837742504,30.84222135228561,0.2768959435626102,0.4567901234567901,0.13756613756613756,0.06701940035273368,0.03527336860670194,0.026455026455026454,0.0,0.0,39.893610503282275,13.936878099688572,260,Plasma
0.7447293447293447,1.0,0.7447293447293447,0.4189858773716183,0.8307692307692308,5.476527082977782,83.30900455840455,44.07990519221196,0.769650980392157,1.08823859974531,114.15128205128205,49.13687687772306,62.28005698005698,43.72993297700548,110.6962962962963,37.34776984250204,0.03304843304843305,0.42165242165242167,0.2547008547008547,0.12193732193732194,0.0735042735042735,0.08632478632478632,0.008831908831908831,0.0,60.94962853863809,18.522935281843424,261,Tumor
0.7558434243874965,1.0,0.7558434243874965,0.40663747503062325,1.2641509433962264,5.559058342671717,110.10191185581527,40.636018169802746,0.7655411764705882,0.8840672088697268,153.64150943396226,41.77658673855391,84.14418473669389,43.29079557516242,129.56547451422134,34.12488258067525,0.000281610813855252,0.08110391439031259,0.3725711067304984,0.2954097437341594,0.09264995775837792,0.10137989298789074,0.054350887074063645,0.002252886510842016,90.34146907600595,19.767760675406095,262,Fibroblast
0.7279693486590039,0.8620689655172413,0.8444444444444444,0.730826573837846,1.08,4.146653692087785,96.97200638569605,31.204119595749027,0.6049803921568627,0.9016548458930445,122.06257982120052,35.988644682599144,77.61685823754789,30.886622842083252,130.82630906768838,23.696365210308926,0.0,0.12005108556832694,0.438058748403576,0.2503192848020434,0.1532567049808429,0.031928480204342274,0.006385696040868455,0.0,80.84520175438597,15.15492916743003,263,Plasma
0.7036199095022625,0.8235294117647058,0.8543956043956044,0.8865348796368323,0.717948717948718,3.7649309757119944,50.934347662141775,27.14806416469585,0.4402392156862745,0.9567843462491403,81.21417797888387,39.483268440793,30.822775263951733,21.345243520642413,75.07315233785822,27.17670105270349,0.3665158371040724,0.35444947209653094,0.18552036199095023,0.09276018099547512,0.0007541478129713424,0.0,0.0,0.0,35.31971596998928,10.391245173452694,264,Tumor
0.5588115588115589,1.0,0.5588115588115589,0.1674442877448311,0.6190476190476191,8.663028911407572,95.25196662596663,32.01527487098015,0.7040745098039215,0.6028930084316931,141.28734228734228,45.53843361646739,67.88156288156289,29.252695625928308,115.44363044363044,21.307642906758563,0.0,0.17867317867317867,0.3634513634513635,0.3028083028083028,0.12169312169312169,0.025234025234025233,0.00814000814000814,0.0,72.17329497450837,15.568585842003644,265,Fibroblast
0.5864197530864198,0.7382716049382716,0.794314381270903,1.0067508925317266,1.1304347826086956,3.533002301606651,89.89159382716048,40.595706325891,0.593356862745098,0.39767348004761305,131.19753086419752,55.254008234716636,64.34938271604938,35.98786017347897,113.07407407407408,28.860232700899495,0.0,0.4012345679012346,0.18518518518518517,0.145679012345679,0.23703703703703705,0.030864197530864196,0.0,0.0,58.54891789473684,14.177425163287838,266,Plasma
0.7580340264650284,1.0,0.7580340264650284,1.089773922222757,1.0,3.3957579521846717,41.212943289224945,25.768257984547976,0.45993333333333336,1.2015102359133893,60.25519848771267,39.01879117371712,26.627599243856334,20.36897994848667,66.37051039697542,22.821961530396166,0.4914933837429111,0.32892249527410206,0.12098298676748583,0.05671077504725898,0.001890359168241966,0.0,0.0,0.0,28.75402743142144,11.121178391685675,267,Lymphocyte
0.5357723577235772,1.0,0.5357723577235772,0.18425681369844016,0.7317073170731707,8.25834750359517,135.99093983739837,29.781661551483527,0.5747098039215686,0.18806117045473328,161.06422764227642,31.61673332318631,117.66910569105691,32.10450828226061,164.56991869918699,20.888700158275366,0.0,0.0,0.07804878048780488,0.36260162601626017,0.3300813008130081,0.2008130081300813,0.028455284552845527,0.0,112.59873444613049,15.057392501312629,268,Fibroblast
0.6496551724137931,0.8496551724137931,0.7646103896103896,0.9248063374004954,0.7857142857142857,3.686205420672731,84.84072827586206,59.44251326894687,0.8513215686274509,0.777399814754795,102.99862068965517,65.07611457172804,70.48827586206896,58.43701177595591,111.11862068965517,52.87223113964182,0.19310344827586207,0.32413793103448274,0.11724137931034483,0.11310344827586206,0.08551724137931034,0.09655172413793103,0.06206896551724138,0.008275862068965517,45.80496602972399,20.916277128597475,269,Lymphocyte
0.5257936507936508,1.0,0.5257936507936508,0.11470326784760304,1.9444444444444444,10.466874972890103,133.7654976190476,37.37261910604115,0.6998823529411765,0.19411678992124856,149.48095238095237,34.70104228407134,119.69761904761904,41.100890123381035,164.984126984127,30.00322314087302,0.0,0.009523809523809525,0.17539682539682538,0.28293650793650793,0.2654761904761905,0.20595238095238094,0.056746031746031746,0.003968253968253968,103.78908603773584,18.790017411906977,270,Tumor
0.5281306715063521,1.0,0.5281306715063521,0.1943253187787501,0.7631578947368421,8.04155872120988,74.8562667876588,15.881261086295218,0.4116627450980392,0.6931398284902658,117.50635208711434,23.297676280834555,48.35934664246824,13.676111444980243,99.42921960072596,12.601528841971609,0.0,0.28402903811252267,0.631578947368421,0.0780399274047187,0.006352087114337568,0.0,0.0,0.0,62.83596391752578,7.393272665395455,271,Tumor
0.5409090909090909,1.0,0.5409090909090909,0.1846170497665113,1.0227272727272727,8.250286473253901,140.50219595959595,42.28989457443888,0.7102274509803922,0.04449713433721828,154.16464646464647,39.49196520539468,127.7909090909091,46.76273356732586,170.12020202020202,35.495876783734424,0.0,0.01717171717171717,0.16414141414141414,0.22676767676767676,0.23333333333333334,0.23636363636363636,0.10555555555555556,0.016666666666666666,107.59716059757235,23.301712220830204,272,Tumor
0.7209821428571429,0.9642857142857143,0.7476851851851852,0.7957921200741128,0.84375,3.9737918505914003,98.11613616071428,44.156863994990466,0.7201803921568626,0.8056017549257489,118.4609375,47.72204483681318,81.69084821428571,44.17620669176327,129.33147321428572,37.15022219902302,0.0,0.29464285714285715,0.27120535714285715,0.19977678571428573,0.09151785714285714,0.11272321428571429,0.027901785714285716,0.002232142857142857,74.46491795665635,20.792154748700003,273,Lymphocyte
0.6358024691358025,1.0,0.6358024691358025,0.17896994000894742,1.5555555555555556,8.37943788064341,78.55843915343914,21.80321378656515,0.5405098039215686,0.7925603151660187,115.86331569664902,29.175014888908976,54.089065255731924,20.058908052233207,106.71075837742504,18.25614169681372,0.0,0.25044091710758376,0.5776014109347443,0.1419753086419753,0.027336860670194002,0.0026455026455026454,0.0,0.0,65.69965464632455,11.54922994250783,274,Tumor
0.5640834575260805,1.0,0.5640834575260805,0.0991716452437386,0.7213114754098361,11.256702098751056,172.34795715350225,37.98528335482344,0.7257921568627451,-0.008135005206430164,186.79508196721312,34.35564680829386,160.85581222056632,43.144487429766244,193.63040238450074,27.462787172313153,0.0,0.0018628912071535022,0.014903129657228018,0.10506706408345752,0.2768256333830104,0.29098360655737704,0.1721311475409836,0.13822652757078988,144.75092470277409,22.085413753697377,275,Fibroblast
0.8163793103448276,0.9655172413793104,0.8455357142857143,0.9156935189133685,0.7,3.704502240952311,68.14700344827587,39.67936786399444,0.8201411764705883,1.835935566108891,94.82672413793104,46.74297081169757,49.088793103448275,38.14861879262184,96.30431034482758,32.574868386325754,0.05,0.5982758620689655,0.16982758620689656,0.08620689655172414,0.05,0.022413793103448276,0.022413793103448276,0.0008620689655172414,52.01574551214361,15.095596900141484,276,Plasma
0.41260162601626016,0.7647357723577236,0.5395348837209303,0.7715609027493118,0.813953488372093,4.0357088364756795,142.162274898374,48.440026284239615,0.6734980392156862,-0.23166214776517813,163.42073170731706,51.92467199767593,126.3744918699187,49.858575394732355,167.6986788617886,35.588064339857624,0.0,0.03048780487804878,0.2459349593495935,0.11788617886178862,0.12245934959349593,0.3155487804878049,0.16514227642276422,0.002540650406504065,89.66660098522168,19.67539076479019,277,Fibroblast
0.6693333333333333,0.9,0.7437037037037038,1.0639767327387932,1.08,3.4366781886163786,102.749308,62.07319038844227,0.8714039215686276,0.6654038750544091,111.692,67.16238880008164,91.248,63.14923986874268,138.516,49.43425678615994,0.021333333333333333,0.372,0.168,0.12666666666666668,0.08,0.09333333333333334,0.10533333333333333,0.03333333333333333,63.840948207171316,25.634896447029135,278,Plasma
0.40229885057471265,1.0,0.40229885057471265,0.44896862875498744,1.396551724137931,5.290502621624716,103.45613048105577,39.74624624720567,0.735356862745098,0.06510758014868957,158.4457215836526,51.96467972899192,73.01638995317157,36.60916697253093,115.96700723712217,31.80834035934395,0.010855683269476373,0.20455512984248617,0.1868880374627501,0.3229033631332482,0.19923371647509577,0.06470838654746701,0.010855683269476373,0.0,62.75412433862434,18.172246218689864,279,Fibroblast
0.7903225806451613,1.0,0.7903225806451613,0.5740944328219562,0.96875,4.678571428571429,85.53569354838709,39.04441600831393,0.5945137254901962,1.1671063944609374,130.65120967741936,47.71299146970658,58.75806451612903,36.65416975966079,105.08770161290323,32.327291881049646,0.0,0.37600806451612906,0.3377016129032258,0.13608870967741934,0.05342741935483871,0.0967741935483871,0.0,0.0,68.22869260204081,18.042572193235323,280,Plasma
0.6828282828282828,1.0,0.6828282828282828,0.21535796043402178,0.6818181818181818,7.638788176970434,75.60047407407407,23.890545532516562,0.4867960784313724,0.7005437017243047,115.14781144781145,34.44807789946799,50.47508417508418,20.24864509936203,101.24915824915826,18.246771061577178,0.004377104377104377,0.3501683501683502,0.44882154882154884,0.16262626262626262,0.034006734006734006,0.0,0.0,0.0,62.205991617357014,12.203507414001052,281,Fibroblast
0.5923291060934117,1.0,0.5923291060934117,0.10847679070369234,0.8688524590163934,10.763078752372158,144.51626879059697,37.53847997519278,0.6906392156862745,0.4531950755338493,161.4305598515311,33.31680482375667,130.3686978038973,41.96180679957502,173.0009279307145,29.723839747062712,0.0,0.0012372409526755336,0.06866687287349212,0.3226105784101454,0.2845654191153727,0.1865140736158367,0.10856789359727807,0.027837921435199506,118.5158595300261,18.320166694249057,282,Tumor
0.5130718954248366,1.0,0.5130718954248366,0.2143507672019256,0.6296296296296297,7.6567137463001265,98.63992429193901,32.983860833041035,0.6513176470588236,0.4528292161111577,143.88071895424838,44.32416041921974,71.57734204793029,30.375123993840308,119.3306100217865,25.126394212466064,0.0,0.16339869281045752,0.31100217864923746,0.3540305010893246,0.11601307189542484,0.05337690631808279,0.002178649237472767,0.0,72.88921231422506,16.575389123520196,283,Fibroblast
0.42782738095238093,0.7098214285714286,0.6027253668763103,0.3849785872053132,0.33962264150943394,5.713294945163849,73.93647395833332,19.04659684691012,0.4401960784313725,0.18849316862286733,129.57068452380952,36.61594115348173,43.57142857142857,13.474986274651297,84.37202380952381,11.640318507318177,0.0,0.33630952380952384,0.5602678571428571,0.0974702380952381,0.005952380952380952,0.0,0.0,0.0,55.67870434782609,9.003388161637348,284,Fibroblast
0.6538952745849298,0.8620689655172413,0.7585185185185185,1.1139165087520597,1.08,3.3587572106361003,109.35104214559388,53.05937560238486,0.7530392156862745,0.5951779045760932,118.73690932311622,54.45409801804242,97.46232439335887,54.37851162829686,145.95019157088123,45.019324039798036,0.0,0.24904214559386972,0.2886334610472541,0.12388250319284802,0.11749680715197956,0.10600255427841634,0.1123882503192848,0.002554278416347382,75.1075078125,22.260396871987172,285,Plasma
0.6423611111111112,0.8888888888888888,0.72265625,0.4324096776594545,0.3333333333333333,5.3908497717207124,119.90405671296294,56.88783676353421,0.7470117647058824,0.5854158337265474,153.07638888888889,51.58527368381358,98.59606481481481,62.03859337418645,142.61689814814815,51.39852229473352,0.0,0.19907407407407407,0.23032407407407407,0.16782407407407407,0.16898148148148148,0.07523148148148148,0.0787037037037037,0.0798611111111111,83.9324036036036,26.9573015871494,286,Fibroblast
0.664796633941094,0.9032258064516129,0.7360248447204969,0.9078585080332644,1.2173913043478262,3.7204532186144657,117.2319943899018,58.60752936459245,0.8295764705882351,0.7011266402285637,129.38990182328192,61.89757190022268,104.04067321178121,60.67421360860182,153.26788218793828,43.36798792405281,0.0,0.15988779803646563,0.3702664796633941,0.12061711079943899,0.07994389901823282,0.09256661991584852,0.12201963534361851,0.0546984572230014,79.4114746835443,21.37522839358801,287,Plasma
0.6443268665490888,1.0,0.6443268665490888,0.3659459611366153,0.42857142857142855,5.859984305302716,123.11047501469724,37.88063624814774,0.6289176470588235,0.6850248129395292,155.42034097589652,40.38166282674223,101.07466196355085,38.84394619934769,151.83303938859495,29.003381010580334,0.0,0.0005878894767783657,0.30158730158730157,0.3062904174015285,0.21281599059376838,0.11405055849500294,0.06290417401528513,0.001763668430335097,99.72104379562043,18.151736474459625,288,Tumor
0.6206896551724138,1.0,0.6206896551724138,0.4917183306681275,1.0,5.055297665099318,120.31454399524374,33.78456132933156,0.5955411764705882,0.5998229435364659,154.69649227110583,35.933562351547224,97.14417360285374,34.768373511166075,149.44441141498217,25.824343777724916,0.0,0.0005945303210463733,0.27705112960760997,0.3501783590963139,0.23067776456599287,0.10493460166468489,0.03656361474435196,0.0,97.64268917624521,14.89752157955324,289,Tumor
0.7321428571428571,1.0,0.7321428571428571,0.16923267780692128,1.2727272727272727,8.617133451068604,132.20138068181816,33.89092219951609,0.6873411764705882,0.9537693218164233,155.9383116883117,29.798420593663625,114.28003246753246,38.469242529300814,162.22321428571428,27.599122069714767,0.0,0.0,0.1038961038961039,0.43993506493506496,0.27637987012987014,0.10146103896103896,0.06412337662337662,0.014204545454545454,115.43890243902439,16.93535218418723,290,Tumor
0.7068965517241379,1.0,0.7068965517241379,1.0162153751256924,0.8275862068965517,3.5165115752029856,96.87449137931036,46.8666327013918,0.6366313725490197,0.906102196757965,115.28735632183908,51.85294370787338,80.70402298850574,46.553532230389436,131.8448275862069,37.63987784624996,0.0,0.3620689655172414,0.2442528735632184,0.14798850574712644,0.08908045977011494,0.10632183908045977,0.05028735632183908,0.0,70.1111524390244,18.60130218186105,291,Lymphocyte
0.707843137254902,0.9666666666666667,0.7322515212981744,0.7651306783241122,0.5862068965517241,4.052631578947368,69.02025490196078,17.080218308109295,0.3764274509803921,1.326125923172031,87.64901960784314,19.41609270428982,52.35490196078431,16.730549886366326,105.97254901960784,15.765164855283428,0.0,0.45294117647058824,0.47058823529411764,0.06666666666666667,0.00980392156862745,0.0,0.0,0.0,60.40852908587257,8.091407106544292,292,Plasma
0.2978723404255319,0.873758865248227,0.3409090909090909,0.9560214330450766,1.0476190476190477,3.625526781647661,116.47179243498816,51.833205083209464,0.7769686274509803,-0.547807157473565,156.20189125295508,66.3107334979626,92.61843971631205,47.84128152439569,135.09125295508275,40.709345051880106,0.08463356973995272,0.16217494089834517,0.05484633569739953,0.15602836879432624,0.33522458628841606,0.18534278959810874,0.021749408983451537,0.0,44.19090634920635,18.075141495570104,293,Fibroblast
0.6689466484268126,0.9069767441860465,0.7375565610859729,0.7992917833534905,0.8717948717948718,3.965082772224692,82.70099589603284,21.250437712076412,0.4095254901960783,0.6800462992071817,110.38303693570451,26.00943608781288,61.83173734610123,19.73165752658236,117.5547195622435,19.389504586823488,0.0,0.18878248974008208,0.5369357045143639,0.24897400820793433,0.0253077975376197,0.0,0.0,0.0,69.79462781186093,9.616184459058465,294,Tumor
0.6227106227106227,0.7783882783882784,0.8,1.043106935762236,1.4705882352941178,3.4708873250984986,78.22554761904763,46.25574431923154,0.6568980392156861,0.6039749774546534,107.86080586080585,60.8124695203824,58.66849816849817,40.90028520657202,101.1996336996337,40.70660771857237,0.14835164835164835,0.3608058608058608,0.14285714285714285,0.14835164835164835,0.14835164835164835,0.05128205128205128,0.0,0.0,45.82415588235294,16.765967674283296,295,Lymphocyte
0.7448680351906158,1.0,0.7448680351906158,0.9493926639045895,0.7096774193548387,3.6381616886060666,82.8850982404692,38.9094920902225,0.6544352941176471,1.1050104143590898,100.11436950146627,41.35790922771019,68.0366568914956,38.78268810618359,114.1524926686217,37.17187117946962,0.0,0.4178885630498534,0.30498533724340177,0.1217008797653959,0.08797653958944282,0.05865102639296188,0.008797653958944282,0.0,63.279999999999994,16.715756318963273,296,Lymphocyte
0.48677248677248675,0.875,0.5563114134542706,0.47188003939634443,1.8148148148148149,5.1604684654214,115.41415674603175,27.3431419910797,0.5404980392156863,0.5512557779413869,145.3558201058201,30.691636754260415,94.50727513227513,27.86026546027325,144.5350529100529,19.35296181678289,0.0,0.001984126984126984,0.3048941798941799,0.3697089947089947,0.25925925925925924,0.0582010582010582,0.005952380952380952,0.0,92.37840489130434,11.264949419461214,297,Fibroblast
0.38164511494252873,1.0,0.38164511494252873,0.08957431857234513,0.6041666666666666,11.844402996898626,97.54902676005747,27.479980457714305,0.584521568627451,0.2154430591007717,151.46066810344828,41.5747565030665,67.13002873563218,24.069955589243197,112.78035201149426,20.18301843653276,0.0,0.12625718390804597,0.3094468390804598,0.44701867816091956,0.09554597701149425,0.02173132183908046,0.0,0.0,70.21648564705882,14.595464591421578,298,Fibroblast
0.4649390243902439,0.8460365853658537,0.5495495495495496,0.7665486074759096,0.8108108108108109,4.048881650894581,77.09744131097561,43.08905932522943,0.6476235294117647,0.20597109048766804,111.83384146341463,59.942170921275064,54.88338414634146,36.391200584907445,100.3734756097561,36.67759788618421,0.24542682926829268,0.19054878048780488,0.16996951219512196,0.2614329268292683,0.10899390243902439,0.023628048780487805,0.0,0.0,35.71280655737704,13.804238566182784,299,Fibroblast
0.6544117647058824,1.0,0.6544117647058824,0.9249585175739325,0.8235294117647058,3.685902168989018,93.94646428571427,36.456055707044214,0.7231882352941176,0.9044455358660808,115.71953781512605,42.699852849861564,76.27836134453781,35.16395025185322,127.81512605042016,29.800412096455396,0.0,0.26365546218487396,0.3392857142857143,0.19117647058823528,0.1565126050420168,0.037815126050420166,0.009453781512605041,0.0021008403361344537,71.37962118780096,15.13749924283421,300,Plasma
0.5740905057675244,0.9591836734693877,0.5985198889916744,0.4457356863841663,1.0217391304347827,5.309654092710271,88.14785048802129,27.017506758994664,0.4877647058823528,0.49568389203038,120.44454303460515,33.67606639794414,65.51242236024845,24.89964910125309,119.9924578527063,22.628699963006003,0.0,0.26663708961845606,0.36069210292812776,0.27861579414374443,0.09094942324755989,0.003105590062111801,0.0,0.0,68.44851545595053,12.271960122751292,301,Tumor
0.6193252811328613,1.0,0.6193252811328613,0.1606985930939026,1.0,8.842985130152877,127.9499941690962,27.46271423165529,0.7339137254901961,0.5842684000051793,162.66014160766346,27.800463199062076,105.02915451895043,29.107449759126624,154.93419408579757,25.082683781511108,0.0,0.011245314452311536,0.07122032486463974,0.4623073719283632,0.34860474802165764,0.08038317367763433,0.023740108288213244,0.0024989587671803417,111.34393813046401,15.424303868376475,302,Fibroblast
0.5144927536231884,1.0,0.5144927536231884,0.128174091836225,0.9019607843137255,9.901586995058546,139.85263213981244,53.652386360785144,0.8329450980392156,0.023279639315364177,152.8520886615516,50.45094886707333,127.57459505541347,59.126403261169465,168.97868712702473,42.40179936323111,0.0,0.08098891730605286,0.1845694799658994,0.16666666666666666,0.18840579710144928,0.1504688832054561,0.18712702472293266,0.041773231031543054,95.12632974316486,27.671106072667335,303,Tumor
0.7341269841269841,1.0,0.7341269841269841,0.8725008683266829,1.1428571428571428,3.7950892878432656,78.09690476190475,34.86582002953895,0.467635294117647,1.00688247293333,95.875,41.40434388394915,62.38690476190476,32.68408044031566,112.36111111111111,30.467855744802044,0.0,0.5198412698412699,0.2222222222222222,0.09126984126984126,0.16071428571428573,0.005952380952380952,0.0,0.0,58.99072702702703,12.53377586077669,304,Lymphocyte
0.5646153846153846,1.0,0.5646153846153846,0.7206028149171588,0.9615384615384616,4.1759660077750445,114.9041523076923,59.22392326712785,0.7933176470588233,0.3749261671633198,126.55384615384615,57.679227235096256,102.77692307692308,62.787120847978834,146.79384615384615,51.04131622646675,0.007692307692307693,0.2953846153846154,0.18461538461538463,0.09538461538461539,0.11692307692307692,0.16153846153846155,0.1276923076923077,0.010769230769230769,67.7415940054496,21.046085826518546,305,Plasma
0.6798850574712644,1.0,0.6798850574712644,0.40326650490415855,0.5172413793103449,5.582244524443971,104.41604310344827,28.692309114554607,0.6278078431372549,0.5779194569482404,152.27471264367816,35.87884055582162,76.13045977011494,27.230596652322642,124.53793103448275,21.238661566696454,0.0,0.06206896551724138,0.3867816091954023,0.3293103448275862,0.18850574712643678,0.029310344827586206,0.004022988505747126,0.0,88.08288250211326,15.06225107184738,306,Fibroblast
0.4792626728110599,0.9714285714285714,0.49335863377609107,0.2062401439043924,0.9117647058823529,7.80581637183256,104.01063963133642,16.257631025757522,0.32704313725490197,0.014711015845810428,136.4783410138249,22.840515804699404,80.65714285714286,14.98713602442491,139.1041474654378,12.347399634311916,0.0,0.0,0.3262672811059908,0.6119815668202765,0.06175115207373272,0.0,0.0,0.0,90.06364423076923,8.979404925158834,307,Tumor
0.8862164662349676,1.0,0.8862164662349676,0.6599919436723822,1.0217391304347827,4.363506375776309,85.27196438482885,33.81465491571035,0.6908431372549019,1.3830302077153032,123.25023126734506,40.06554311487492,60.95097132284921,32.93998974784975,110.8940795559667,27.54656930022298,0.002312673450508788,0.2622571692876966,0.4870490286771508,0.15448658649398705,0.025901942645698426,0.05689176688251619,0.011100832562442183,0.0,75.55437526096033,19.596980997827725,308,Fibroblast
0.5006265664160401,1.0,0.5006265664160401,0.12303365014303717,0.9824561403508771,10.106318424140051,110.2584918546366,16.44952141145674,0.4833450980392157,0.7043208858576737,143.26629072681703,18.72226146092446,87.43358395989975,16.374799543431433,141.21365914786966,13.952931578819497,0.0,0.0,0.17731829573934837,0.7124060150375939,0.10025062656641603,0.009085213032581453,0.0009398496240601503,0.0,97.84385043804755,8.869789995907375,309,Tumor
0.6407407407407407,0.8,0.8009259259259259,0.9981552416364264,0.75,3.5481819817651044,93.93607777777777,45.90421502180409,0.6714627450980393,0.7920211144643388,108.19074074074074,49.75996743076268,79.66481481481482,46.36138901750435,130.03333333333333,36.768782048544026,0.0,0.39444444444444443,0.2037037037037037,0.15185185185185185,0.13333333333333333,0.07592592592592592,0.040740740740740744,0.0,63.76322543352602,16.909483292374006,310,Lymphocyte
0.6181732580037664,1.0,0.6181732580037664,0.30920793494600163,1.6388888888888888,6.374991599833183,146.8892622410546,39.29733272265837,0.7765725490196077,0.28612119478933107,171.64830508474577,37.98603596572078,129.5216572504708,43.31566351915603,171.37900188323917,30.04901757768758,0.0,0.005649717514124294,0.06497175141242938,0.2994350282485876,0.2829566854990584,0.1807909604519774,0.12994350282485875,0.036252354048964215,120.93275476009138,21.066049901986553,311,Fibroblast
0.3932146829810901,1.0,0.3932146829810901,0.10278615419908295,0.5344827586206896,11.057007992335642,133.06804338153503,21.394928458503966,0.635043137254902,-0.17315227926825613,154.7964404894327,21.431182997737167,115.83759733036707,23.165345824634226,164.80033370411567,18.405023613559198,0.0,0.0027808676307007787,0.053948832035595105,0.3170189098998888,0.5522803114571746,0.06562847608453838,0.008342602892102336,0.0,112.53593210749645,14.260192001180243,312,Tumor
0.6688701923076923,1.0,0.6688701923076923,0.25985379187317476,1.625,6.954091532230096,81.85737620192307,22.823748956659095,0.5332901960784314,0.7258192035640918,131.01923076923077,34.36835062100426,53.17788461538461,18.991479398822968,100.58954326923077,16.060220544127418,0.009014423076923076,0.18990384615384615,0.5895432692307693,0.16947115384615385,0.040865384615384616,0.001201923076923077,0.0,0.0,69.21696585804132,12.262366939771082,313,Fibroblast
0.6438746438746439,0.8148148148148148,0.7902097902097902,0.6293628274449137,1.1818181818181819,4.468424124822087,80.25545441595442,24.657835849264824,0.440486274509804,0.5317038943195546,134.74786324786325,40.4460946137988,49.925925925925924,19.31675343255176,93.502849002849,17.07222358376345,0.0,0.28347578347578345,0.4415954415954416,0.2264957264957265,0.04843304843304843,0.0,0.0,0.0,64.82853097345132,12.35585020376543,314,Plasma
0.5555555555555556,0.7407407407407407,0.75,0.9519977738150888,1.1,3.63318042491699,117.15563804713804,35.934189786254805,0.5258509803921569,0.33908383614252735,140.7962962962963,41.49078742116174,99.76767676767676,35.05137978124287,144.68350168350167,27.862350999627225,0.0,0.010101010101010102,0.37542087542087543,0.21548821548821548,0.2609427609427609,0.12457912457912458,0.013468013468013467,0.0,88.45449393939394,14.123335604217482,315,Plasma
0.6038461538461538,0.8461538461538461,0.7136363636363636,0.8287839472608234,0.9090909090909091,3.8938952710833927,116.59288461538462,68.61093309203544,0.851835294117647,0.44531931862305807,128.0096153846154,71.84155846673285,104.58653846153847,70.84359948518816,148.47115384615384,51.699121538952745,0.007692307692307693,0.32884615384615384,0.1673076923076923,0.1,0.07884615384615384,0.08076923076923077,0.1596153846153846,0.07692307692307693,65.72706050955414,24.596725291841715,316,Plasma
0.5974193548387097,0.7948387096774193,0.7516233766233766,1.0343519279019193,0.7857142857142857,3.4855455925512984,110.50706967741934,54.682220354950864,0.771235294117647,0.5267752041965145,120.48774193548387,51.19268639232009,98.7341935483871,58.72711352569027,144.94967741935483,51.01796062513234,0.0,0.2787096774193548,0.24129032258064517,0.1135483870967742,0.11741935483870967,0.15354838709677418,0.08,0.015483870967741935,70.16930453563715,19.607571294398635,317,Lymphocyte
0.6758241758241759,0.7582417582417582,0.8913043478260869,1.0028094197012403,1.2777777777777777,3.5399386028084043,95.655347985348,82.02078049137124,0.9019372549019606,0.7907866476654354,93.66117216117216,78.94462190398893,89.79304029304029,86.47805215588538,131.07142857142858,74.04268413410848,0.26373626373626374,0.3333333333333333,0.05128205128205128,0.0347985347985348,0.04395604395604396,0.04212454212454213,0.06776556776556776,0.163003663003663,41.870802168021676,21.109249659533255,318,Lymphocyte
0.6272189349112426,1.0,0.6272189349112426,1.0569611466947608,1.0,3.4480648113682877,66.88835946745562,48.59952874320502,0.7836392156862745,0.8019081606407961,90.9275147928994,66.21986250122944,49.48224852071006,42.94961936069024,93.46449704142012,39.6823211186344,0.4349112426035503,0.14349112426035504,0.11094674556213018,0.16420118343195267,0.10946745562130178,0.022189349112426034,0.014792899408284023,0.0,33.15969811320755,15.233197929175292,319,Lymphocyte
0.6677890011223344,1.0,0.6677890011223344,0.7946636747309711,1.2222222222222223,3.9766122992003208,94.17430303030302,31.301058056975883,0.521956862745098,0.8251425858035133,116.30078563411897,37.549509247460094,76.1638608305275,30.08603593293674,128.87878787878788,23.092817864318782,0.0,0.15488215488215487,0.4478114478114478,0.23007856341189675,0.12457912457912458,0.04264870931537598,0.0,0.0,75.20871092436974,13.29422984608243,320,Lymphocyte
0.6751572327044025,1.0,0.6751572327044025,0.3038151176639469,1.1320754716981132,6.431321817949738,117.8406606918239,40.357532826987956,0.7028666666666665,0.876322187193885,145.86949685534591,39.79870277426315,98.06792452830189,42.74989914402715,146.13867924528302,31.961434319976917,0.0,0.027044025157232705,0.3232704402515723,0.3053459119496855,0.189937106918239,0.0770440251572327,0.06823899371069182,0.009119496855345912,94.72959478341872,18.610950909696687,321,Tumor
0.639320029563932,0.8647450110864745,0.7393162393162394,0.7069400742339155,1.3,4.216126485691885,100.62044124168514,27.63671353718495,0.4871058823529411,0.5649414742251724,133.92830746489284,33.242796993881534,77.16481892091649,26.389714526717647,134.03621581670362,22.023659008348833,0.0,0.04951958610495196,0.4715447154471545,0.27420546932742057,0.18477457501847747,0.019955654101995565,0.0,0.0,82.7032323699422,12.542234017627825,322,Tumor
0.6823821339950372,0.8076923076923077,0.8448540706605223,0.9566095277366844,0.6774193548387096,3.624412178045377,96.99768238213399,43.54878447424771,0.6472352941176471,0.9095611253057911,115.2741935483871,47.45007044403286,81.1029776674938,43.76191015272736,130.90570719602977,34.79213056945361,0.0,0.2853598014888337,0.3325062034739454,0.12406947890818859,0.12406947890818859,0.1054590570719603,0.028535980148883373,0.0,70.17645454545453,14.596927874189744,323,Plasma
0.3859903381642512,0.9782608695652174,0.3945679012345679,0.1100887035752048,1.0,10.683991978926098,133.5867077294686,28.110372675055732,0.6156666666666667,-0.28208854654999965,149.35169082125603,28.18126256829271,118.8159420289855,30.151572602316694,168.29468599033817,22.870188615681702,0.0,0.00966183574879227,0.09468599033816426,0.2816425120772947,0.44154589371980674,0.1642512077294686,0.00821256038647343,0.0,105.19447809762204,17.408828797893076,324,Tumor
0.5718623481781376,0.7348178137651822,0.778236914600551,1.03062845073493,0.6666666666666666,3.4918362438668713,88.70404149797571,38.70225613208957,0.5386941176470588,0.28459368457046674,127.29554655870446,51.56170098539168,64.36538461538461,34.092531507782695,112.8087044534413,30.575863789919275,0.005060728744939271,0.3582995951417004,0.21963562753036436,0.19534412955465588,0.2145748987854251,0.00708502024291498,0.0,0.0,58.08178053097345,14.771760574082835,325,Plasma
0.425531914893617,0.7717601547388782,0.5513784461152882,0.3271717793087595,2.210526315789474,6.1975068300963505,112.20706382978723,39.22859973235228,0.6281333333333332,0.19694892750435466,131.26499032882012,43.30642240051046,96.24564796905223,39.11847309826289,144.4090909090909,33.3590158812607,0.0,0.1702127659574468,0.16054158607350097,0.32108317214700194,0.21953578336557059,0.10444874274661509,0.024177949709864602,0.0,74.84879772727274,18.194125965104387,326,Fibroblast
0.5836526181353767,0.7049808429118773,0.8278985507246377,0.8752981817957844,1.0434782608695652,3.789020184772403,125.72468710089399,54.72963274762666,0.7731882352941177,0.2767687261160349,138.07024265644955,52.9466723285712,112.84418901660281,58.16009295550194,159.66794380587484,46.18613661107484,0.0,0.15708812260536398,0.19923371647509577,0.20178799489144317,0.14942528735632185,0.13282247765006386,0.1277139208173691,0.031928480204342274,85.74168271334793,26.49804943438515,327,Lymphocyte
0.5178923640462102,1.0,0.5178923640462102,0.10868097359410203,0.42857142857142855,10.752963505782583,131.62163961679346,22.320483865130104,0.43528235294117634,0.38619296087307625,164.59368836291912,21.674154580689844,110.07945900253593,23.701270797323982,156.06565229642152,18.89086945384348,0.0,0.0,0.011834319526627219,0.46012961397576785,0.40236686390532544,0.1203155818540434,0.005353620738236123,0.0,113.37283460282917,9.746028568686507,328,Tumor
0.564957264957265,1.0,0.564957264957265,0.12267206663651072,0.65,10.121201964104094,153.21189401709398,55.19364039926892,0.7821254901960785,0.02671509281012516,164.21196581196583,49.316970887343686,142.65299145299144,61.359687165108056,178.72991452991454,43.53200662555536,0.0,0.03888888888888889,0.12905982905982907,0.22863247863247863,0.1752136752136752,0.10811965811965812,0.15726495726495726,0.16282051282051282,110.50589636913766,28.150005555831516,329,Tumor
0.5752551020408163,1.0,0.5752551020408163,0.41634035974846556,0.5,5.493899055249222,131.8768125,41.72797337881213,0.6681411764705881,0.34376018695771937,149.83864795918367,40.36088934833216,116.62563775510205,44.76677978476172,163.29655612244898,32.98415959302397,0.0,0.007653061224489796,0.22704081632653061,0.2767857142857143,0.21875,0.14094387755102042,0.1288265306122449,0.0,101.189366962306,19.61617784966379,330,Fibroblast
0.6651126651126651,1.0,0.6651126651126651,0.28581180906290393,0.8461538461538461,6.6307834921392335,68.66662004662005,23.35306147231914,0.43514509803921564,0.7146846850003361,105.31157731157731,34.33492943874168,44.707070707070706,19.298589584493254,95.92463092463092,18.396092816801872,0.008547008547008548,0.5236985236985237,0.30303030303030304,0.1561771561771562,0.008547008547008548,0.0,0.0,0.0,54.51783878504673,10.50775993949102,331,Fibroblast
0.7272727272727273,0.9130434782608695,0.7965367965367965,1.030168052146174,0.9545454545454546,3.4926164354560028,91.67051976284586,54.46112613936831,0.8015725490196078,1.0335729223980903,97.89525691699605,53.90764772675596,80.42687747035573,56.61617170168738,133.2391304347826,48.37256730036194,0.009881422924901186,0.4426877470355731,0.21541501976284586,0.08695652173913043,0.07312252964426877,0.09288537549407115,0.06521739130434782,0.01383399209486166,61.78241847826087,20.098041763085913,332,Plasma
0.6742857142857143,1.0,0.6742857142857143,0.8347711010476914,1.1904761904761905,3.8799062252049574,90.85519238095239,48.12214788155677,0.7330039215686275,0.8790181411211612,106.8647619047619,57.83894549021015,75.55428571428571,46.51393447860836,127.65142857142857,35.341684855640004,0.0,0.44761904761904764,0.17714285714285713,0.13142857142857142,0.11428571428571428,0.08952380952380952,0.0380952380952381,0.0019047619047619048,61.254319209039544,17.80044118723613,333,Lymphocyte
0.7046568627450981,0.8823529411764706,0.7986111111111112,0.7083288994467722,1.25,4.21199116395291,85.28585294117646,52.825337169153464,0.7986078431372549,0.8071430810352399,109.21200980392157,60.80328618312147,67.87622549019608,50.299598714613175,112.17647058823529,47.740087106697004,0.06985294117647059,0.4252450980392157,0.1568627450980392,0.1053921568627451,0.09436274509803921,0.11151960784313726,0.03676470588235294,0.0,54.66636173913044,21.631470609709133,334,Plasma
0.6278890600924499,0.9545454545454546,0.6577885391444713,0.5920679876692523,0.711864406779661,4.6070098629480505,110.84221918335899,43.06403337370423,0.7823137254901961,0.3874306056860702,156.36517719568567,48.137017988005226,84.32704160246533,43.778364530383335,127.97419106317412,36.47673378191185,0.0003852080123266564,0.1652542372881356,0.23690292758089368,0.26348228043143296,0.1617873651771957,0.14175654853620956,0.028120184899845916,0.0023112480739599386,82.52201533742331,21.66061332848224,335,Fibroblast
0.38803088803088803,0.7644787644787645,0.5075757575757576,0.42837477983258415,0.9166666666666666,5.416178699796198,117.44849485199485,26.581956905980213,0.5012509803921568,0.044673761793077055,153.14478764478764,32.17640028622866,93.49163449163449,25.46330530681861,147.1808236808237,19.851478595065736,0.0,0.0032175032175032173,0.2709137709137709,0.3590733590733591,0.3127413127413127,0.05405405405405406,0.0,0.0,89.63666500829187,12.069562576578177,336,Tumor
0.7223032069970845,0.9591836734693877,0.7530395136778115,0.683307175793138,0.5957446808510638,4.288416331431122,59.91455612244898,31.885447372299637,0.5615098039215687,1.149230233498138,94.59110787172011,46.20116688791194,37.667638483965014,26.228398624834913,83.51676384839651,26.787151178214604,0.15306122448979592,0.48323615160349853,0.22521865889212828,0.07653061224489796,0.060495626822157436,0.0014577259475218659,0.0,0.0,43.12895257315843,13.191183742849214,337,Plasma
0.5870833333333333,0.8958333333333334,0.6553488372093024,0.40925518203661415,0.86,5.5412512006496515,89.45636,20.03023935791582,0.5179294117647057,0.6087906228579236,116.8125,24.6070757523793,68.8075,18.850873819268962,124.03,16.018971044774798,0.0,0.0825,0.5820833333333333,0.2941666666666667,0.03875,0.0025,0.0,0.0,75.85500212916962,9.962367132900598,338,Tumor
0.498134328358209,0.9552238805970149,0.521484375,0.1827283247848195,1.6,8.292815355285196,108.48466604477613,15.018015536623006,0.28706274509803925,0.11048573334216076,160.2384328358209,23.043231931361188,79.0134328358209,12.890866783292482,124.4955223880597,11.725020228297108,0.0,0.0,0.2335820895522388,0.6682835820895522,0.09813432835820896,0.0,0.0,0.0,95.7433033707865,7.567106527900567,339,Fibroblast
0.6878306878306878,0.8253968253968254,0.8333333333333334,1.22621743656723,0.9230769230769231,3.2012617704706567,101.92542063492061,47.318647794677275,0.6725411764705881,0.9631779533012498,119.5026455026455,49.611013278343364,86.71164021164022,48.326889794439346,134.16137566137567,38.43988490548208,0.0,0.26322751322751325,0.33465608465608465,0.12698412698412698,0.1111111111111111,0.10185185185185185,0.062169312169312166,0.0,73.50436538461538,16.471996034562654,340,Lymphocyte
0.7040673211781207,1.0,0.7040673211781207,0.758165741050214,0.6739130434782609,4.071203899980831,90.91542566619916,20.737708335649348,0.42894117647058816,1.0039149731060706,122.6984572230014,26.022839474929164,68.29102384291726,19.569565651624988,124.05049088359046,15.662561212720062,0.0,0.02314165497896213,0.6626928471248247,0.24754558204768584,0.0638148667601683,0.002805049088359046,0.0,0.0,79.27232370517929,8.363243983293767,341,Tumor
0.8220244716351501,1.0,0.8220244716351501,1.0509900276155986,1.0689655172413792,3.4578458960552356,76.8178620689655,41.25236270178117,0.7165843137254903,1.6016589260680971,93.12458286985539,45.85747187931244,61.585094549499445,40.62632888583055,112.48387096774194,33.93631600632628,0.0055617352614015575,0.5216907675194661,0.2625139043381535,0.07452725250278086,0.06562847608453838,0.04004449388209121,0.030033370411568408,0.0,59.940424898511495,16.28431766157513,342,Plasma
0.7549361207897793,1.0,0.7549361207897793,0.4986502792548128,0.9761904761904762,5.0200367758383235,117.35935481997677,31.746344274729378,0.603678431372549,0.6914875458866019,148.28803716608596,33.98495887125092,95.35017421602788,32.19674784786408,149.56736353077815,25.51470944916894,0.0,0.009291521486643438,0.21370499419279906,0.4965156794425087,0.16144018583042974,0.09639953542392567,0.02264808362369338,0.0,102.84505999999999,18.124752175055228,343,Tumor
0.38372093023255816,1.0,0.38372093023255816,0.32737266545017096,1.1944444444444444,6.195605045959748,147.48165891472868,53.93002594656189,0.7832117647058822,-0.47365220361177485,165.1815245478036,58.999310158900514,134.6518087855297,54.48483968156855,167.12080103359173,41.63392830278753,0.0,0.12209302325581395,0.09819121447028424,0.10271317829457365,0.1937984496124031,0.20930232558139536,0.2441860465116279,0.029715762273901807,88.58995959595958,31.231351885258807,344,Fibroblast
0.564327485380117,1.0,0.564327485380117,0.30073898302080976,0.5277777777777778,6.464129801702953,131.67664875730995,77.20131248667347,0.8619686274509804,0.18931299187350772,159.85709064327486,71.23241324564823,114.421783625731,84.46822229753168,146.61220760233917,66.48304633806765,0.03435672514619883,0.22551169590643275,0.23391812865497075,0.04788011695906433,0.05080409356725146,0.03654970760233918,0.12755847953216373,0.24342105263157895,67.32455764248704,25.390169088039098,345,Fibroblast
0.49583333333333335,0.9875,0.5021097046413502,0.09077923606911709,1.196969696969697,11.765534730161269,74.71099886363636,24.93742788077212,0.6403411764705882,0.3399928102476855,111.22234848484848,36.1014956115908,50.8719696969697,21.286970742522787,101.69886363636364,19.760062612913288,0.019886363636363636,0.34261363636363634,0.4403409090909091,0.17670454545454545,0.019128787878787877,0.0013257575757575758,0.0,0.0,54.10603437738732,12.479144473735913,346,Tumor
0.5962643678160919,1.0,0.5962643678160919,0.8571735379617121,1.2083333333333333,3.828869410655765,80.00466522988505,31.793868394052513,0.5681607843137254,0.5837364022764728,101.54597701149426,38.87336737037473,62.77155172413793,30.157743251972988,112.24137931034483,25.20928059232473,0.0,0.4324712643678161,0.23419540229885058,0.28448275862068967,0.03735632183908046,0.011494252873563218,0.0,0.0,56.74449397590361,11.955838838084631,347,Lymphocyte
0.6701680672268907,0.8067226890756303,0.8307291666666666,0.9786797426710391,0.6666666666666666,3.5833120701174677,111.21958613445378,40.312086844979916,0.7768156862745097,0.8657113021108832,136.19747899159663,45.4661069853228,92.6281512605042,40.706553443159706,141.43697478991598,30.686306215760666,0.0,0.06302521008403361,0.38235294117647056,0.24579831932773108,0.17647058823529413,0.09033613445378151,0.031512605042016806,0.01050420168067227,87.3418777429467,18.039339276787466,348,Plasma
0.5928994082840237,1.0,0.5928994082840237,0.39742561723301567,0.6,5.623115489748062,156.07897120315582,33.69481385576004,0.7433450980392157,0.05188736196578418,177.04457593688363,30.096897839049365,140.86232741617357,37.436215061534064,179.44260355029587,27.17335246791949,0.0,0.007495069033530572,0.007889546351084813,0.20710059171597633,0.36252465483234714,0.22879684418145957,0.1806706114398422,0.005522682445759369,132.78094344644043,18.90859028509677,349,Fibroblast
0.8003629764065335,0.8947368421052632,0.8945233265720081,0.8879617755059117,1.7058823529411764,3.761904761904762,73.67610163339383,33.29157787611611,0.6485215686274508,1.4295602913358427,89.47731397459165,36.408736970849326,59.11796733212341,33.26763637513257,107.19419237749547,27.302839558207353,0.0018148820326678765,0.5353901996370236,0.26678765880217786,0.09618874773139746,0.07078039927404718,0.02722323049001815,0.0018148820326678765,0.0,59.30187981859411,14.240636949485546,350,Lymphocyte
0.7133333333333334,0.9666666666666667,0.7379310344827587,0.9528072957315983,1.16,3.6316366898037824,81.25930933333333,58.86607602434794,0.8123254901960785,1.040329722825921,103.55733333333333,67.30007463756799,64.98933333333333,57.485950917497135,106.552,49.680304239540774,0.172,0.372,0.13333333333333333,0.104,0.07866666666666666,0.06533333333333333,0.058666666666666666,0.016,48.453530841121484,22.43999818303594,351,Lymphocyte
0.6644238856181666,0.7872161480235492,0.844017094017094,1.0550996689705332,0.7222222222222222,3.451105124779377,102.20733137089992,55.258419341709256,0.7376705882352941,0.7683543383489602,118.25231286795626,61.14415336273312,87.46761984861227,55.07222876640017,136.02102607232968,43.92859174508827,0.0,0.3902439024390244,0.21951219512195122,0.07905803195962995,0.09083263246425567,0.11438183347350715,0.10597140454163162,0.0,66.11970253164556,17.61027590253518,352,Lymphocyte
0.6877777777777778,0.8666666666666667,0.7935897435897435,0.8099316337243158,1.1538461538461537,3.93895256818489,74.17500999999999,35.976798322760274,0.6197411764705882,0.9163549142161613,109.66222222222223,46.91130301555569,52.09444444444444,32.51975420540947,94.79444444444445,28.535844364242088,0.011111111111111112,0.52,0.19666666666666666,0.15888888888888889,0.09666666666666666,0.016666666666666666,0.0,0.0,52.93134410339257,14.073091081936983,353,Plasma
0.6848484848484848,0.9090909090909091,0.7533333333333333,0.7387038611740565,1.1666666666666667,4.124485180301712,108.31288658008657,62.665790380399116,0.8115647058823529,0.794605681810917,122.23376623376623,66.50880150794536,94.88484848484849,64.44407411221381,140.94372294372295,46.80503304781679,0.0,0.31861471861471863,0.25887445887445887,0.1038961038961039,0.08398268398268398,0.06926406926406926,0.07792207792207792,0.08744588744588745,70.11063084702907,23.449491841747147,354,Plasma
0.6977777777777778,0.8888888888888888,0.785,0.7819739145677329,2.6666666666666665,4.008748394981595,110.14905333333334,34.51846336840147,0.5821607843137254,0.4904467226383977,132.09925925925927,40.87078735124346,93.21185185185185,33.56653327095165,139.78962962962962,25.624124264202088,0.0,0.07851851851851852,0.29333333333333333,0.3496296296296296,0.1511111111111111,0.1259259259259259,0.0014814814814814814,0.0,90.6992314225053,17.775702388992325,355,Fibroblast
0.5763324299909666,0.9024390243902439,0.6386386386386387,0.3424898309180722,1.3703703703703705,6.057328005856453,120.60580397470642,30.234715658536306,0.6423725490196077,0.043354693708237274,146.64227642276424,35.86129987582118,101.43450767841011,29.857687169530333,151.03252032520325,23.074108431685005,0.0,0.044263775971093045,0.12466124661246612,0.44173441734417346,0.2899728997289973,0.0921409214092141,0.007226738934056007,0.0,99.94007993730406,18.568217669741866,356,Fibroblast
0.6100840336134454,0.7815126050420168,0.7806451612903226,0.9048983402127316,0.4838709677419355,3.7265335556784938,101.1052605042017,49.36885595637579,0.7272313725490197,0.43619689115870225,116.07563025210084,53.38645528405177,86.42521008403361,49.499603968345966,137.43025210084033,42.58784012869403,0.0067226890756302525,0.3025210084033613,0.24033613445378152,0.1226890756302521,0.15294117647058825,0.14285714285714285,0.031932773109243695,0.0,65.8631432506887,20.605776640682706,357,Lymphocyte
0.656084656084656,0.9171075837742504,0.7153846153846154,1.0413655309738499,0.7692307692307693,3.4737881773469246,93.46283774250439,60.97155378810043,0.795219607843137,0.7413710939315366,101.64197530864197,63.191965881798964,81.93298059964727,62.322162557069106,131.37918871252205,52.82090926687274,0.04585537918871252,0.4708994708994709,0.10052910052910052,0.07936507936507936,0.08818342151675485,0.1111111111111111,0.09700176366843033,0.007054673721340388,52.97193817204302,19.564131726278234,358,Lymphocyte
0.41216216216216217,1.0,0.41216216216216217,0.1698722675846891,0.8648648648648649,8.60089587403926,128.32376013513513,24.31410838645488,0.45785490196078427,-0.16174585797735164,149.5810810810811,24.110391814026134,110.86486486486487,26.13734478766552,162.46790540540542,20.89203222469127,0.0,0.0,0.11993243243243243,0.3403716216216216,0.4527027027027027,0.08699324324324324,0.0,0.0,103.55659426229509,12.185851804790985,359,Tumor
0.6565934065934066,0.9743589743589743,0.6738721804511278,1.0417490727824634,0.7368421052631579,3.4731486444257103,74.0695815018315,46.71301653947983,0.6972588235294117,0.7533133564667611,100.39377289377289,59.29802019729146,55.392857142857146,42.31177305970269,101.19505494505495,38.87405056137401,0.16575091575091574,0.4056776556776557,0.11446886446886446,0.10531135531135531,0.15476190476190477,0.0521978021978022,0.0018315018315018315,0.0,43.412269177126916,15.939102130331182,360,Plasma
0.5527859237536656,0.9354838709677419,0.5909090909090909,0.3845078907242438,0.7586206896551724,5.716790849133113,141.80693108504397,25.02231245674416,0.5248117647058823,0.3204872937056658,158.49120234604106,25.697725380988686,127.01759530791789,27.563676979779178,174.19941348973606,21.20417708272859,0.0,0.0,0.02785923753665689,0.27712609970674484,0.46187683284457476,0.19794721407624633,0.03519061583577713,0.0,123.69576657824935,13.589470750245361,361,Tumor
0.7314814814814815,0.9285714285714286,0.7877492877492878,1.1134758772216988,1.0384615384615385,3.359421718944242,50.66730555555556,30.373388474689705,0.5156549019607842,1.2342510944522687,77.4047619047619,44.47102592291336,31.86904761904762,24.474693649802866,77.33465608465609,26.503327434368735,0.4166666666666667,0.3148148148148148,0.15608465608465608,0.08597883597883597,0.026455026455026454,0.0,0.0,0.0,34.72398010849909,11.421858449597522,362,Lymphocyte
0.6909090909090909,0.92,0.7509881422924901,1.130229783066624,0.9565217391304348,3.334429644276751,94.68515636363635,56.04741031909831,0.7887294117647059,0.8752897660783766,108.15636363636364,60.23035406182852,80.72727272727273,57.97386701090714,131.22363636363636,45.97286734837631,0.005454545454545455,0.4618181818181818,0.1709090909090909,0.07818181818181819,0.10363636363636364,0.08,0.09454545454545454,0.005454545454545455,60.65620263157895,19.494849847655267,363,Plasma
0.5869731800766284,1.0,0.5869731800766284,0.4982060913306312,1.5517241379310345,5.022274146032973,109.14203141762452,10.367299013559936,0.208878431372549,0.5402241773487804,146.18544061302683,13.843933713649784,84.95095785440613,9.778812866337718,136.5471264367816,7.677371423379195,0.0,0.0,0.06130268199233716,0.8919540229885058,0.04674329501915709,0.0,0.0,0.0,101.717137075718,4.520365743510208,364,Tumor
0.7697947214076246,0.9545454545454546,0.8064516129032258,0.9811636782478533,1.4761904761904763,3.5787733998702755,81.32552785923752,57.32365711819727,0.7963568627450979,1.20650699301035,93.6099706744868,62.0487729384417,68.77126099706744,56.840574454125544,113.74926686217009,50.840532191734134,0.06158357771260997,0.48826979472140764,0.15249266862170088,0.09970674486803519,0.054252199413489736,0.06304985337243402,0.05718475073313783,0.02346041055718475,53.56691047619047,22.947338415589826,365,Lymphocyte
0.40494505494505495,1.0,0.40494505494505495,0.10154615085722897,0.6730769230769231,11.124312977124735,156.1370379120879,30.269889914635748,0.7216470588235294,-0.3441093976785909,175.23076923076923,30.16787350338065,141.6543956043956,33.37831446138432,180.63076923076923,22.058038789349787,0.0,0.0005494505494505495,0.027472527472527472,0.1620879120879121,0.32362637362637364,0.3758241758241758,0.10604395604395604,0.004395604395604396,126.06874355495249,18.81216773632596,366,Fibroblast
0.7359173126614987,1.0,0.7359173126614987,0.2113167269499352,0.9555555555555556,7.711484577046269,83.10264599483205,31.807203026959073,0.6404117647058823,1.0902925102730978,115.17777777777778,35.935190330728126,61.18708010335917,31.89514699059597,111.82170542635659,26.811346747304256,0.0005167958656330749,0.32558139534883723,0.40258397932816536,0.15348837209302327,0.09198966408268734,0.023772609819121448,0.0020671834625322996,0.0,67.19380898876405,14.66519313140786,367,Tumor
0.6419753086419753,0.8148148148148148,0.7878787878787878,0.9469164670160758,0.7272727272727273,3.642915499065732,65.5090586419753,30.281775430953125,0.5166666666666667,0.7709661246819054,98.46502057613169,42.941100088975695,43.68004115226338,25.478537179132356,91.47222222222223,25.585695793120557,0.08333333333333333,0.5195473251028807,0.21604938271604937,0.1368312757201646,0.044238683127572016,0.0,0.0,0.0,45.564128205128206,11.243614100940638,368,Tumor
0.8315217391304348,0.9565217391304348,0.8693181818181818,0.968835829678485,0.7272727272727273,3.6014702879926856,56.48046467391305,41.77224034198991,0.8136039215686274,1.9315346321417899,65.16576086956522,47.08828689243808,48.733695652173914,40.53601130389016,73.58967391304348,40.198794080741294,0.32608695652173914,0.42934782608695654,0.08967391304347826,0.07065217391304347,0.043478260869565216,0.019021739130434784,0.019021739130434784,0.002717391304347826,40.12772222222222,15.390392099566373,369,Lymphocyte
0.76,0.8,0.95,0.8960819728760528,1.5625,3.7448209851108127,97.366038,24.762039002968958,0.39374901960784314,1.0502323679261274,122.314,30.066516326305578,77.936,23.915515967672537,131.98,17.573946625616,0.0,0.002,0.618,0.228,0.13,0.022,0.0,0.0,85.35031315789475,11.201413343123761,370,Plasma
0.5953360768175583,0.823045267489712,0.7233333333333334,0.9695653060678898,1.0416666666666667,3.6001152055298946,124.83481893004115,77.26846475151669,0.8394627450980393,0.38337871926290384,132.4814814814815,76.8536099754276,114.88065843621399,81.40884487393936,156.03429355281207,59.76368807586762,0.0,0.36899862825788754,0.14540466392318244,0.0644718792866941,0.06035665294924554,0.056241426611796985,0.07681755829903979,0.22770919067215364,65.23672811059907,25.037319951333266,371,Lymphocyte
0.8796296296296297,1.0,0.8796296296296297,0.8664575470780385,0.7407407407407407,3.8083011822513253,67.35164074074073,30.175991970386963,0.6625647058823528,1.9975095522092534,82.09444444444445,31.219894634473935,53.03148148148148,31.224944468557055,102.42037037037036,24.792829605811956,0.001851851851851852,0.6277777777777778,0.25,0.05555555555555555,0.03518518518518519,0.027777777777777776,0.001851851851851852,0.0,58.03286736842105,14.299664862369783,372,Plasma
0.35166479610924056,0.6808829031051253,0.5164835164835165,0.39928300356603647,0.37142857142857144,5.610021428259603,107.416050130939,25.78991419798493,0.454635294117647,-0.30035254586209265,159.24092779648336,34.60541750219118,77.56864945753834,23.475784921376444,125.17732884399551,19.46289597000083,0.0,0.06060606060606061,0.2671156004489338,0.44743733632622523,0.2222222222222222,0.002618780396558174,0.0,0.0,77.2537744680851,12.421924792529659,373,Fibroblast
0.5878378378378378,1.0,0.5878378378378378,0.07905229327546162,1.48,12.608043409692467,125.9592208108108,43.226305907025285,0.8044156862745097,0.4399083118019672,142.66054054054055,41.005838868744505,110.9645945945946,47.17564179626707,159.36405405405407,34.786307570299215,0.0,0.0445945945945946,0.2545945945945946,0.25324324324324327,0.21837837837837837,0.15027027027027026,0.05891891891891892,0.02,95.70041931034481,21.337944348993194,374,Tumor
0.4295900178253119,0.8235294117647058,0.5216450216450217,0.5107936107371497,2.357142857142857,4.960006023286398,132.9461546345811,40.376128843572346,0.5856078431372549,-0.1539800120281388,155.6885026737968,44.50640995798282,116.12210338680927,40.602001476750004,159.9264705882353,31.076058638766913,0.0,0.014705882352941176,0.23484848484848486,0.18449197860962566,0.25623885918003564,0.2517825311942959,0.057932263814616754,0.0,91.84203734439832,18.40984299904925,375,Fibroblast
0.6119162640901772,0.7648953301127214,0.8,1.0637604886292016,1.3157894736842106,3.4370274794852667,103.23541223832527,75.7886351805609,0.8956549019607843,0.6028123772889175,122.53784219001611,82.54418970441829,87.83735909822866,76.07548346220301,131.8953301127214,63.34996217568525,0.06602254428341385,0.4573268921095008,0.057971014492753624,0.04830917874396135,0.06763285024154589,0.10144927536231885,0.11755233494363929,0.08373590982286634,46.90778947368421,19.73942102115499,376,Lymphocyte
0.5589849108367627,0.9444444444444444,0.5918663761801016,0.9653682770009168,1.8888888888888888,3.6079326371359026,92.92874622770918,25.49856572719541,0.4387803921568627,0.4697922263606097,124.26886145404664,32.96823310252789,70.69272976680384,23.27117445064674,125.22565157750343,20.015439181926673,0.0,0.09396433470507544,0.47050754458161864,0.34636488340192045,0.08367626886145405,0.0054869684499314125,0.0,0.0,72.76763680981594,9.247798838914338,377,Tumor
0.5093555093555093,1.0,0.5093555093555093,0.15393804002589986,0.7027027027027027,9.035079029052513,140.73173804573804,38.89774216357684,0.7819686274509804,0.022349739046563937,169.04989604989606,40.10178843318749,121.3035343035343,40.47377128641305,166.49688149688149,31.47956619758341,0.0,0.028066528066528068,0.10810810810810811,0.2130977130977131,0.33575883575883575,0.23076923076923078,0.06652806652806653,0.017671517671517672,110.24842448979591,23.622930440384337,378,Tumor
0.4105263157894737,0.5921052631578947,0.6933333333333334,0.9264432021928312,1.0,3.682947537517004,127.2814052631579,52.45892039314867,0.7488862745098039,-0.1385652642363137,140.91052631578947,65.77719485415052,113.92105263157895,51.71957869071053,160.32894736842104,34.61669362950967,0.0,0.1868421052631579,0.13157894736842105,0.12105263157894737,0.22631578947368422,0.22631578947368422,0.09736842105263158,0.010526315789473684,72.58871153846154,24.340527641872075,379,Lymphocyte
0.5810995002271695,0.971830985915493,0.5979429640018701,0.1569569142164588,0.4492753623188406,8.94776781472909,117.81824716038165,35.970705803924744,0.7809647058823528,0.4860637235048083,133.6133575647433,39.39274378858257,102.57473875511131,36.95871166282603,154.88141753748297,27.167493755157487,0.0,0.04497955474784189,0.2585188550658791,0.32894139027714675,0.24670604270786006,0.08632439800090867,0.03044070876874148,0.00408905043162199,92.75704925723221,18.18445138887141,380,Tumor
0.5,0.8333333333333334,0.6,0.5710714202114661,3.4,4.690938281493833,109.40689705882352,19.58819448095502,0.327835294117647,0.2484799678696974,133.06617647058823,24.715301148697723,90.36029411764706,18.96229726485042,145.4264705882353,13.813161005179708,0.0,0.0,0.3014705882352941,0.4950980392156863,0.2034313725490196,0.0,0.0,0.0,92.94947549019608,9.049780887521221,381,Fibroblast
0.75,0.95,0.7894736842105263,1.03426918636701,0.8421052631578947,3.485685011586675,78.13737187499999,66.43277281951909,0.8859294117647059,1.231117517603343,73.28125,60.716572271806484,72.678125,71.73732132916851,118.984375,64.37592042727913,0.28125,0.35,0.0875,0.059375,0.05625,0.05,0.059375,0.05625,43.083237499999996,20.725240402653,382,Lymphocyte
0.8241869918699187,1.0,0.8241869918699187,0.7573815820634133,0.5853658536585366,4.073310925879617,102.30252032520325,28.79701620449777,0.7338627450980392,2.0647167066358274,133.70528455284554,30.03978616037914,79.76219512195122,30.17072616183871,136.0020325203252,21.45187457305607,0.0,0.012195121951219513,0.47560975609756095,0.3719512195121951,0.09654471544715447,0.022357723577235773,0.01016260162601626,0.011178861788617886,91.79312823674476,13.114750911966983,383,Tumor
0.45792811839323466,1.0,0.45792811839323466,0.45472215494506946,0.7818181818181819,5.256926135252908,136.27218731501057,37.27976082824868,0.6302431372549019,-0.0964734097087269,164.51627906976745,39.01766620670825,117.50697674418605,38.65809983465429,158.81775898520084,28.452968902652596,0.0,0.0,0.19238900634249473,0.21268498942917546,0.2816067653276956,0.25158562367864695,0.06046511627906977,0.0012684989429175475,101.93633795013851,20.191491493121916,384,Fibroblast
0.6053900709219858,1.0,0.6053900709219858,0.2523301111355572,1.5957446808510638,7.05700447002635,87.55949333333332,33.422421014146096,0.7579725490196078,0.7716305415045995,133.9154609929078,44.69881813334646,60.50780141843972,30.268346106407975,105.26921985815603,26.418087025490966,0.0019858156028368795,0.2629787234042553,0.3699290780141844,0.2397163120567376,0.09673758865248228,0.02127659574468085,0.007375886524822695,0.0,65.54486738519213,15.633315605636287,385,Fibroblast
0.5794602698650675,1.0,0.5794602698650675,0.06609588985769642,0.5287356321839081,13.788521640158882,138.57864292853571,35.1983972075107,0.7022901960784314,0.30888076516884083,168.68365817091455,35.79384413795211,118.50099950024988,38.637536080905804,163.00124937531234,25.599025242996756,0.0,0.0014992503748125937,0.11669165417291354,0.28735632183908044,0.3258370814592704,0.18940529735132433,0.07421289355322339,0.004997501249375313,113.96420137990513,18.95398309238427,386,Fibroblast
0.4128289473684211,0.5131578947368421,0.8044871794871795,0.9061071600701386,1.8461538461538463,3.724046978277039,162.42669736842106,66.30513987454829,0.7985254901960783,-0.35033282888684997,180.67598684210526,65.45143299625292,149.07072368421052,70.07085181782995,183.33388157894737,51.8366491407756,0.0,0.08717105263157894,0.17269736842105263,0.1069078947368421,0.06743421052631579,0.08223684210526316,0.2713815789473684,0.21217105263157895,88.99413545816732,26.726735875287652,387,Plasma
0.6517094017094017,0.7521367521367521,0.8664772727272727,1.064650843716541,0.7272727272727273,3.43559000588321,114.7279829059829,55.06332745230137,0.7732509803921569,0.560070212185098,128.77777777777777,55.07246370292137,100.53418803418803,58.155157427796745,150.9636752136752,44.58614015795841,0.0,0.18803418803418803,0.3141025641025641,0.14743589743589744,0.09829059829059829,0.11324786324786325,0.12179487179487179,0.017094017094017096,78.6994,22.730202726566684,388,Plasma
0.6533333333333333,0.805,0.8115942028985508,0.977190494114024,1.0952380952380953,3.586041533160348,75.920225,42.789755772120365,0.579870588235294,0.7077842951626981,99.61,50.112951419767725,58.145,40.059297401893275,105.31333333333333,40.210054574557454,0.03833333333333333,0.525,0.11333333333333333,0.13,0.16,0.03333333333333333,0.0,0.0,47.236124999999994,13.800389571260611,389,Plasma
0.7172413793103448,0.85,0.8438133874239351,0.8817018343014701,0.5862068965517241,3.775235601410043,95.85338448275863,32.759302611026285,0.6155999999999999,1.1787998423338246,115.33793103448276,34.55863995760512,78.68793103448276,33.53974779163192,133.13620689655173,27.14768802168448,0.0,0.07413793103448275,0.5603448275862069,0.18620689655172415,0.12758620689655173,0.03793103448275862,0.013793103448275862,0.0,78.23669471153846,12.880771312180913,390,Plasma
0.7587264150943396,1.0,0.7587264150943396,0.2874738792276868,0.6625,6.611587307656465,115.36184740566038,48.43969008283206,0.8169882352941176,0.8504882648442738,156.02193396226414,48.98676891095453,90.91179245283018,51.88044813486007,134.61462264150944,39.32137271530702,0.0,0.10212264150943397,0.3304245283018868,0.2599056603773585,0.12712264150943398,0.050235849056603776,0.10518867924528302,0.025,92.08405937208579,24.129486850372775,391,Fibroblast
0.6061827956989247,1.0,0.6061827956989247,0.11611879286408536,1.0333333333333334,10.402882084023734,137.31572392473117,34.86862965195555,0.6867843137254902,0.4150772376954806,154.3959677419355,30.83303867709888,122.7010752688172,39.33585601885728,167.7701612903226,27.617902133463275,0.0,0.0005376344086021505,0.10672043010752688,0.34274193548387094,0.2940860215053763,0.1728494623655914,0.07903225806451612,0.004032258064516129,114.08311263858091,18.043593060077846,392,Tumor
0.6666666666666666,0.9285714285714286,0.717948717948718,0.5411124601338821,0.9230769230769231,4.8190470308676465,87.69571428571429,44.491409402665916,0.7740627450980392,1.1426647977631417,102.02083333333333,46.678703406227,73.36309523809524,45.019760951539794,123.92410714285714,41.12128419789147,0.001488095238095238,0.38095238095238093,0.25892857142857145,0.19196428571428573,0.09226190476190477,0.03273809523809524,0.03125,0.010416666666666666,61.91449776785714,18.358279955124043,393,Lymphocyte
0.8494623655913979,1.0,0.8494623655913979,0.9303091947948117,1.1481481481481481,3.6752871430250114,55.59923416965353,33.895601926848805,0.7423450980392157,1.676572856588735,79.41218637992831,41.796926077271166,37.941457586618874,31.037922067023803,84.06451612903226,32.777671759667534,0.2735961768219833,0.4444444444444444,0.17562724014336917,0.052568697729988054,0.03464755077658303,0.014336917562724014,0.0047789725209080045,0.0,44.14635021097046,17.32652802068185,394,Plasma
0.7450738916256158,1.0,0.7450738916256158,0.6848929527217061,1.9310344827586208,4.2834488305917136,130.69970504926107,58.85430852043498,0.7628509803921569,1.0268621307653965,155.79371921182266,49.36642858154241,112.61576354679804,66.530041718144,157.9993842364532,46.6310788202043,0.0,0.009852216748768473,0.40701970443349755,0.25985221674876846,0.06711822660098522,0.049876847290640396,0.03879310344827586,0.16748768472906403,98.84348595041322,19.966322163270043,395,Tumor
0.6817226890756303,0.9642857142857143,0.7069716775599129,0.7258432296830815,1.2592592592592593,4.160863961487956,111.86154726890756,47.01674761126127,0.7183764705882354,0.6680354064580193,129.80882352941177,49.484200919411876,96.57878151260505,48.24053539978744,143.48214285714286,37.09514929597287,0.0,0.19432773109243698,0.2342436974789916,0.25945378151260506,0.13445378151260504,0.0819327731092437,0.09138655462184873,0.004201680672268907,84.82827426810476,23.278678168541827,396,Lymphocyte
0.5831643002028397,1.0,0.5831643002028397,0.6680531715288945,1.1724137931034482,4.337099812387155,121.08376369168356,54.284855397853484,0.680643137254902,0.40981705088798426,138.54868154158214,54.477940557527106,106.94929006085192,56.70280753057054,148.05679513184583,43.224716131604914,0.0,0.14503042596348883,0.30730223123732253,0.12474645030425964,0.12271805273833672,0.15314401622718052,0.14705882352941177,0.0,79.71269913043477,20.43780715749292,397,Lymphocyte
0.5181023720349563,1.0,0.5181023720349563,0.06997335003769078,0.4044943820224719,13.401042937295177,90.56063951310861,20.481772384112197,0.5274039215686275,0.2870773646882563,130.97066167290888,26.753272532489266,64.9890761548065,19.2044377679474,116.24406991260923,16.47327061057835,0.0,0.08770287141073659,0.5308988764044944,0.33801498127340823,0.042134831460674156,0.0012484394506866417,0.0,0.0,74.85138313253012,11.332425830075982,398,Fibroblast
0.6931216931216931,1.0,0.6931216931216931,0.7613340504016889,1.037037037037037,4.062723863473826,81.02824074074074,32.51094460751227,0.5599372549019608,1.0561502526335589,99.71428571428571,38.429422110526914,64.55291005291005,31.275632526685857,116.85185185185185,25.94039278908718,0.0,0.43253968253968256,0.2791005291005291,0.17857142857142858,0.08068783068783068,0.0291005291005291,0.0,0.0,62.57657633587787,13.14813078985274,399,Lymphocyte
